"","Year","Area","Cancer.Type","Age.Adjusted.Rate","Case.Count","Population"
"157",2002,"Alabama","Thyroid","6.4","292",4480089
"158",2002,"Alaska","Thyroid","8.2","52",642337
"159",2002,"Arizona","Thyroid","9","475",5396255
"160",2002,"Arkansas","Thyroid","4.6","130",2705927
"161",2002,"California","Thyroid","7.7","2600",34871843
"162",2002,"Colorado","Thyroid","9.1","407",4490406
"163",2002,"Connecticut","Thyroid","9.8","348",3458749
"164",2002,"Delaware","Thyroid","11.4","94",806169
"165",2002,"District of Columbia","Thyroid","11.1","66",573158
"166",2002,"Florida","Thyroid","7.3","1308",16689370
"167",2002,"Georgia","Thyroid","7.2","601",8508256
"168",2002,"Hawaii","Thyroid","10","129",1239613
"169",2002,"Idaho","Thyroid","9.4","120",1340372
"170",2002,"Illinois","Thyroid","8.9","1112",12525556
"171",2002,"Indiana","Thyroid","7.8","476",6155967
"172",2002,"Iowa","Thyroid","9.8","288",2934234
"173",2002,"Kansas","Thyroid","9","241",2713535
"174",2002,"Kentucky","Thyroid","7.2","301",4089875
"175",2002,"Louisiana","Thyroid","7.5","331",4497267
"176",2002,"Maine","Thyroid","9.7","133",1295960
"177",2002,"Maryland","Thyroid","10.1","563",5440389
"178",2002,"Massachusetts","Thyroid","10.6","698",6417206
"179",2002,"Michigan","Thyroid","7.7","771",10015710
"180",2002,"Minnesota","Thyroid","7.6","382",5018935
"181",2002,"Mississippi","Thyroid","Data Suppressed","Data Suppressed",NA
"182",2002,"Missouri","Thyroid","8.3","474",5674825
"183",2002,"Montana","Thyroid","11.2","105",911667
"184",2002,"Nebraska","Thyroid","9.7","166",1728292
"185",2002,"Nevada","Thyroid","10.1","224",2173791
"186",2002,"New Hampshire","Thyroid","7.1","93",1269089
"187",2002,"New Jersey","Thyroid","11.5","1012",8552643
"188",2002,"New Mexico","Thyroid","12.6","232",1855309
"189",2002,"New York","Thyroid","9.6","1879",19137800
"190",2002,"North Carolina","Thyroid","5.6","469",8326201
"191",2002,"North Dakota","Thyroid","8.3","53",638168
"192",2002,"Ohio","Thyroid","6.7","776",11407889
"193",2002,"Oklahoma","Thyroid","6.1","214",3489080
"194",2002,"Oregon","Thyroid","7.1","253",3513424
"195",2002,"Pennsylvania","Thyroid","12.6","1624",12331031
"196",2002,"Rhode Island","Thyroid","12.7","139",1065995
"197",2002,"South Carolina","Thyroid","6.3","260",4107795
"198",2002,"South Dakota","Thyroid","9.6","71",760020
"199",2002,"Tennessee","Thyroid","7.9","466",5795918
"200",2002,"Texas","Thyroid","8.3","1699",21690325
"201",2002,"United States","Thyroid","8.4","24058",284766512
"202",2002,"Utah","Thyroid","12","237",2324815
"203",2002,"Vermont","Thyroid","8.5","53",615442
"204",2002,"Virginia","Thyroid","6.2","463",7286873
"205",2002,"Washington","Thyroid","9.2","554",6052349
"206",2002,"West Virginia","Thyroid","8.7","170",1805414
"207",2002,"Wisconsin","Thyroid","7.4","408",5445162
"208",2002,"Wyoming","Thyroid","8.8","46",500017
"209",2003,"Alabama","Thyroid","6.6","305",4503491
"210",2003,"Alaska","Thyroid","9.5","61",648414
"211",2003,"Arizona","Thyroid","9.8","533",5510364
"212",2003,"Arkansas","Thyroid","5.6","157",2724816
"213",2003,"California","Thyroid","7.9","2705",35253159
"214",2003,"Colorado","Thyroid","9.8","442",4528732
"215",2003,"Connecticut","Thyroid","12.4","448",3484336
"216",2003,"Delaware","Thyroid","9.4","80",818003
"217",2003,"District of Columbia","Thyroid","10.7","64",568502
"218",2003,"Florida","Thyroid","8","1451",17004085
"219",2003,"Georgia","Thyroid","7.2","604",8622793
"220",2003,"Hawaii","Thyroid","10.7","140",1251154
"221",2003,"Idaho","Thyroid","9.9","133",1363380
"222",2003,"Illinois","Thyroid","9","1127",12556006
"223",2003,"Indiana","Thyroid","7.8","483",6196638
"224",2003,"Iowa","Thyroid","10.4","307",2941999
"225",2003,"Kansas","Thyroid","10.1","273",2723004
"226",2003,"Kentucky","Thyroid","8","336",4117170
"227",2003,"Louisiana","Thyroid","7.6","339",4521042
"228",2003,"Maine","Thyroid","10.5","142",1306513
"229",2003,"Maryland","Thyroid","10.8","615",5496269
"230",2003,"Massachusetts","Thyroid","12.5","833",6422565
"231",2003,"Michigan","Thyroid","8.5","864",10041152
"232",2003,"Minnesota","Thyroid","8.2","416",5053572
"233",2003,"Mississippi","Thyroid","7.9","222",2868312
"234",2003,"Missouri","Thyroid","8.4","487",5709403
"235",2003,"Montana","Thyroid","10.8","99",919630
"236",2003,"Nebraska","Thyroid","9.2","157",1738643
"237",2003,"Nevada","Thyroid","10.8","249",2248850
"238",2003,"New Hampshire","Thyroid","7.3","98",1279840
"239",2003,"New Jersey","Thyroid","12.1","1082",8601402
"240",2003,"New Mexico","Thyroid","11.3","211",1877574
"241",2003,"New York","Thyroid","9.7","1913",19175939
"242",2003,"North Carolina","Thyroid","6.3","547",8422501
"243",2003,"North Dakota","Thyroid","7.8","52",638817
"244",2003,"Ohio","Thyroid","8","935",11434788
"245",2003,"Oklahoma","Thyroid","5.2","183",3504892
"246",2003,"Oregon","Thyroid","7.9","288",3547376
"247",2003,"Pennsylvania","Thyroid","13","1691",12374658
"248",2003,"Rhode Island","Thyroid","10.9","119",1071342
"249",2003,"South Carolina","Thyroid","6.4","274",4150297
"250",2003,"South Dakota","Thyroid","8.9","67",763729
"251",2003,"Tennessee","Thyroid","8.1","487",5847812
"252",2003,"Texas","Thyroid","8.4","1748",22030931
"253",2003,"United States","Thyroid","8.8","25812",290107933
"254",2003,"Utah","Thyroid","10.9","223",2360137
"255",2003,"Vermont","Thyroid","8.7","56",617858
"256",2003,"Virginia","Thyroid","7.4","557",7366977
"257",2003,"Washington","Thyroid","9.4","581",6104115
"258",2003,"West Virginia","Thyroid","6.8","133",1812295
"259",2003,"Wisconsin","Thyroid","8","442",5479203
"260",2003,"Wyoming","Thyroid","10.7","53",503453
"261",2004,"Alabama","Thyroid","7.1","330",4530729
"262",2004,"Alaska","Thyroid","11.3","78",659286
"263",2004,"Arizona","Thyroid","11.3","633",5652404
"264",2004,"Arkansas","Thyroid","6.2","173",2749686
"265",2004,"California","Thyroid","8.4","2908",35574576
"266",2004,"Colorado","Thyroid","10.6","485",4575013
"267",2004,"Connecticut","Thyroid","13","472",3496094
"268",2004,"Delaware","Thyroid","11.5","99",830803
"269",2004,"District of Columbia","Thyroid","8.3","48",567754
"270",2004,"Florida","Thyroid","8.4","1590",17415318
"271",2004,"Georgia","Thyroid","8.3","709",8769252
"272",2004,"Hawaii","Thyroid","10","130",1273569
"273",2004,"Idaho","Thyroid","10.2","139",1391802
"274",2004,"Illinois","Thyroid","10","1256",12589773
"275",2004,"Indiana","Thyroid","8.3","522",6233007
"276",2004,"Iowa","Thyroid","10.1","300",2953635
"277",2004,"Kansas","Thyroid","11.9","322",2734373
"278",2004,"Kentucky","Thyroid","9.6","407",4146101
"279",2004,"Louisiana","Thyroid","7.6","344",4552238
"280",2004,"Maine","Thyroid","9.4","128",1313688
"281",2004,"Maryland","Thyroid","11.2","643",5546935
"282",2004,"Massachusetts","Thyroid","12.7","850",6412281
"283",2004,"Michigan","Thyroid","8.6","867",10055315
"284",2004,"Minnesota","Thyroid","9.2","476",5087713
"285",2004,"Mississippi","Thyroid","7.9","225",2889010
"286",2004,"Missouri","Thyroid","9.6","562",5747741
"287",2004,"Montana","Thyroid","10.1","99",930009
"288",2004,"Nebraska","Thyroid","10.1","178",1749370
"289",2004,"Nevada","Thyroid","11.8","284",2346222
"290",2004,"New Hampshire","Thyroid","11.6","157",1290121
"291",2004,"New Jersey","Thyroid","13.1","1175",8634561
"292",2004,"New Mexico","Thyroid","12.9","246",1903808
"293",2004,"New York","Thyroid","10.9","2163",19171567
"294",2004,"North Carolina","Thyroid","8.1","703",8553152
"295",2004,"North Dakota","Thyroid","9.5","60",644705
"296",2004,"Ohio","Thyroid","8.4","980",11452251
"297",2004,"Oklahoma","Thyroid","5.6","199",3525233
"298",2004,"Oregon","Thyroid","8.5","311",3569463
"299",2004,"Pennsylvania","Thyroid","13.6","1776",12410722
"300",2004,"Rhode Island","Thyroid","12.1","131",1074579
"301",2004,"South Carolina","Thyroid","7","303",4210921
"302",2004,"South Dakota","Thyroid","7.4","57",770396
"303",2004,"Tennessee","Thyroid","9","550",5910809
"304",2004,"Texas","Thyroid","9.2","1941",22394023
"305",2004,"United States","Thyroid","9.6","28295",292805298
"306",2004,"Utah","Thyroid","13.3","277",2401580
"307",2004,"Vermont","Thyroid","10.5","69",619920
"308",2004,"Virginia","Thyroid","7.5","579",7475575
"309",2004,"Washington","Thyroid","9.6","603",6178645
"310",2004,"West Virginia","Thyroid","8.3","168",1816438
"311",2004,"Wisconsin","Thyroid","9.2","513",5514026
"312",2004,"Wyoming","Thyroid","14.7","77",509106
"313",2005,"Alabama","Thyroid","7","331",4565917
"314",2005,"Alaska","Thyroid","11.5","69",666946
"315",2005,"Arizona","Thyroid","12.3","720",5839077
"316",2005,"Arkansas","Thyroid","6.4","180",2781097
"317",2005,"California","Thyroid","9.2","3222",35827943
"318",2005,"Colorado","Thyroid","10.5","490",4631888
"319",2005,"Connecticut","Thyroid","14.4","524",3506956
"320",2005,"Delaware","Thyroid","11.4","100",845150
"321",2005,"District of Columbia","Thyroid","9.2","55",567136
"322",2005,"Florida","Thyroid","9.5","1830",17842038
"323",2005,"Georgia","Thyroid","8.4","735",8925922
"324",2005,"Hawaii","Thyroid","11.8","157",1292729
"325",2005,"Idaho","Thyroid","13.3","181",1428241
"326",2005,"Illinois","Thyroid","10.3","1303",12609903
"327",2005,"Indiana","Thyroid","9.6","610",6278616
"328",2005,"Iowa","Thyroid","9.9","298",2964454
"329",2005,"Kansas","Thyroid","11","300",2745299
"330",2005,"Kentucky","Thyroid","10.6","461",4182742
"331",2005,"Louisiana","Thyroid","8","348",4411396
"332",2005,"Maine","Thyroid","8.6","119",1318787
"333",2005,"Maryland","Thyroid","11.4","664",5592379
"334",2005,"Massachusetts","Thyroid","15.7","1045",6403290
"335",2005,"Michigan","Thyroid","9.4","959",10051137
"336",2005,"Minnesota","Thyroid","9","462",5119598
"337",2005,"Mississippi","Thyroid","6.8","196",2876229
"338",2005,"Missouri","Thyroid","10","599",5790300
"339",2005,"Montana","Thyroid","12.7","123",940102
"340",2005,"Nebraska","Thyroid","11.2","196",1761497
"341",2005,"Nevada","Thyroid","11.3","282",2432143
"342",2005,"New Hampshire","Thyroid","11","149",1298492
"343",2005,"New Jersey","Thyroid","13.4","1212",8651974
"344",2005,"New Mexico","Thyroid","13.3","258",1932274
"345",2005,"New York","Thyroid","13","2584",19132610
"346",2005,"North Carolina","Thyroid","9.3","831",8705407
"347",2005,"North Dakota","Thyroid","9.5","61",646089
"348",2005,"Ohio","Thyroid","9.8","1162",11463320
"349",2005,"Oklahoma","Thyroid","7.5","272",3548597
"350",2005,"Oregon","Thyroid","8.8","330",3613202
"351",2005,"Pennsylvania","Thyroid","14.3","1888",12449990
"352",2005,"Rhode Island","Thyroid","12.7","140",1067916
"353",2005,"South Carolina","Thyroid","8","352",4270150
"354",2005,"South Dakota","Thyroid","11.6","90",775493
"355",2005,"Tennessee","Thyroid","10.1","623",5991057
"356",2005,"Texas","Thyroid","10.1","2192",22773020
"357",2005,"United States","Thyroid","10.4","31175",295516599
"358",2005,"Utah","Thyroid","14.6","308",2457719
"359",2005,"Vermont","Thyroid","13","86",621215
"360",2005,"Virginia","Thyroid","8.1","638",7577105
"361",2005,"Washington","Thyroid","10.4","670",6257305
"362",2005,"West Virginia","Thyroid","10.6","211",1820492
"363",2005,"Wisconsin","Thyroid","8.8","500",5546166
"364",2005,"Wyoming","Thyroid","11.1","59",514157
"365",2006,"Alabama","Thyroid","7.2","352",4628981
"366",2006,"Alaska","Thyroid","10.6","69",675302
"367",2006,"Arizona","Thyroid","12.6","760",6029141
"368",2006,"Arkansas","Thyroid","7.8","232",2821761
"369",2006,"California","Thyroid","9.4","3339",36021202
"370",2006,"Colorado","Thyroid","10.4","498",4720423
"371",2006,"Connecticut","Thyroid","15.2","559",3517460
"372",2006,"Delaware","Thyroid","11.2","101",859268
"373",2006,"District of Columbia","Thyroid","10.7","62",570681
"374",2006,"Florida","Thyroid","9.4","1842",18166990
"375",2006,"Georgia","Thyroid","9.4","848",9155813
"376",2006,"Hawaii","Thyroid","12.4","167",1309731
"377",2006,"Idaho","Thyroid","15.3","216",1468669
"378",2006,"Illinois","Thyroid","11.3","1441",12643955
"379",2006,"Indiana","Thyroid","9.5","604",6332669
"380",2006,"Iowa","Thyroid","9.9","301",2982644
"381",2006,"Kansas","Thyroid","12.3","341",2762931
"382",2006,"Kentucky","Thyroid","11.4","498",4219239
"383",2006,"Louisiana","Thyroid","8.6","373",4302665
"384",2006,"Maine","Thyroid","14.1","202",1323619
"385",2006,"Maryland","Thyroid","11","647",5627367
"386",2006,"Massachusetts","Thyroid","17.4","1167",6410084
"387",2006,"Michigan","Thyroid","9.8","1017",10036081
"388",2006,"Minnesota","Thyroid","10.6","549",5163555
"389",2006,"Mississippi","Thyroid","8.2","236",2904978
"390",2006,"Missouri","Thyroid","10.8","647",5842704
"391",2006,"Montana","Thyroid","10.8","108",952692
"392",2006,"Nebraska","Thyroid","11.9","214",1772693
"393",2006,"Nevada","Thyroid","12.6","323",2522658
"394",2006,"New Hampshire","Thyroid","14.9","202",1308389
"395",2006,"New Jersey","Thyroid","15","1352",8661679
"396",2006,"New Mexico","Thyroid","11.9","238",1962137
"397",2006,"New York","Thyroid","13.5","2678",19104631
"398",2006,"North Carolina","Thyroid","11.2","1027",8917270
"399",2006,"North Dakota","Thyroid","12.6","82",649422
"400",2006,"Ohio","Thyroid","10.1","1203",11481213
"401",2006,"Oklahoma","Thyroid","9.2","334",3594090
"402",2006,"Oregon","Thyroid","10.2","393",3670883
"403",2006,"Pennsylvania","Thyroid","15.7","2077",12510809
"404",2006,"Rhode Island","Thyroid","15.6","175",1063096
"405",2006,"South Carolina","Thyroid","8.4","380",4357847
"406",2006,"South Dakota","Thyroid","7.8","61",783033
"407",2006,"Tennessee","Thyroid","10.8","677",6088766
"408",2006,"Texas","Thyroid","10.3","2289",23359580
"409",2006,"United States","Thyroid","11","33575",298379912
"410",2006,"Utah","Thyroid","13.8","299",2525507
"411",2006,"Vermont","Thyroid","12.8","84",622892
"412",2006,"Virginia","Thyroid","9.1","727",7673725
"413",2006,"Washington","Thyroid","11.4","756",6370753
"414",2006,"West Virginia","Thyroid","11.3","222",1827912
"415",2006,"Wisconsin","Thyroid","9.2","526",5577655
"416",2006,"Wyoming","Thyroid","15.8","80",522667
"417",2007,"Alabama","Thyroid","8","392",4672840
"418",2007,"Alaska","Thyroid","12.8","89",680300
"419",2007,"Arizona","Thyroid","13.3","820",6167681
"420",2007,"Arkansas","Thyroid","7.8","233",2848650
"421",2007,"California","Thyroid","10.2","3645",36250311
"422",2007,"Colorado","Thyroid","12.7","615",4803868
"423",2007,"Connecticut","Thyroid","17","638",3527270
"424",2007,"Delaware","Thyroid","10","93",871749
"425",2007,"District of Columbia","Thyroid","13.4","78",574404
"426",2007,"Florida","Thyroid","10.8","2181",18367842
"427",2007,"Georgia","Thyroid","9.8","912",9349988
"428",2007,"Hawaii","Thyroid","14.1","191",1315675
"429",2007,"Idaho","Thyroid","15.8","234",1505105
"430",2007,"Illinois","Thyroid","12.2","1559",12695866
"431",2007,"Indiana","Thyroid","10.1","645",6379599
"432",2007,"Iowa","Thyroid","10.9","331",2999212
"433",2007,"Kansas","Thyroid","14.9","414",2783785
"434",2007,"Kentucky","Thyroid","12","535",4256672
"435",2007,"Louisiana","Thyroid","8.3","367",4375581
"436",2007,"Maine","Thyroid","10.4","148",1327040
"437",2007,"Maryland","Thyroid","13.1","772",5653408
"438",2007,"Massachusetts","Thyroid","19.2","1297",6431559
"439",2007,"Michigan","Thyroid","11.5","1192",10001284
"440",2007,"Minnesota","Thyroid","10.6","563",5207203
"441",2007,"Mississippi","Thyroid","8.1","239",2928350
"442",2007,"Missouri","Thyroid","11","666",5887612
"443",2007,"Montana","Thyroid","12.7","126",964706
"444",2007,"Nebraska","Thyroid","12.7","226",1783440
"445",2007,"Nevada","Thyroid","10.9","291",2601072
"446",2007,"New Hampshire","Thyroid","14.1","200",1312540
"447",2007,"New Jersey","Thyroid","15.1","1377",8677885
"448",2007,"New Mexico","Thyroid","12.6","251",1990070
"449",2007,"New York","Thyroid","14.8","2960",19132335
"450",2007,"North Carolina","Thyroid","11.7","1106",9118037
"451",2007,"North Dakota","Thyroid","12.5","84",652822
"452",2007,"Ohio","Thyroid","10.7","1260",11500468
"453",2007,"Oklahoma","Thyroid","8.7","321",3634349
"454",2007,"Oregon","Thyroid","11.1","426",3722417
"455",2007,"Pennsylvania","Thyroid","17","2267",12563937
"456",2007,"Rhode Island","Thyroid","19.2","210",1057315
"457",2007,"South Carolina","Thyroid","8.7","402",4444110
"458",2007,"South Dakota","Thyroid","10","78",791623
"459",2007,"Tennessee","Thyroid","12.4","791",6175727
"460",2007,"Texas","Thyroid","10.8","2460",23831983
"461",2007,"United States","Thyroid","11.9","36550",301231207
"462",2007,"Utah","Thyroid","14.5","327",2597746
"463",2007,"Vermont","Thyroid","13.3","89",623481
"464",2007,"Virginia","Thyroid","10.5","845",7751000
"465",2007,"Washington","Thyroid","11.1","739",6461587
"466",2007,"West Virginia","Thyroid","11.6","237",1834052
"467",2007,"Wisconsin","Thyroid","9.7","559",5610775
"468",2007,"Wyoming","Thyroid","12.8","69",534876
"469",2008,"Alabama","Thyroid","9.2","452",4718206
"470",2008,"Alaska","Thyroid","10.7","77",687455
"471",2008,"Arizona","Thyroid","15.5","972",6280362
"472",2008,"Arkansas","Thyroid","8.4","255",2874554
"473",2008,"California","Thyroid","11.1","4039",36604337
"474",2008,"Colorado","Thyroid","12.8","624",4889730
"475",2008,"Connecticut","Thyroid","17","645",3545579
"476",2008,"Delaware","Thyroid","12.1","111",883874
"477",2008,"District of Columbia","Thyroid","13.5","82",580236
"478",2008,"Florida","Thyroid","11.5","2323",18527305
"479",2008,"Georgia","Thyroid","10.8","1027",9504843
"480",2008,"Hawaii","Thyroid","13.7","193",1332213
"481",2008,"Idaho","Thyroid","17.6","260",1534320
"482",2008,"Illinois","Thyroid","12.8","1664",12747038
"483",2008,"Indiana","Thyroid","11.7","759",6424806
"484",2008,"Iowa","Thyroid","13.3","412",3016734
"485",2008,"Kansas","Thyroid","15.4","436",2808076
"486",2008,"Kentucky","Thyroid","13.2","589",4289878
"487",2008,"Louisiana","Thyroid","10.6","481",4435586
"488",2008,"Maine","Thyroid","13.1","190",1330509
"489",2008,"Maryland","Thyroid","12.4","733",5684965
"490",2008,"Massachusetts","Thyroid","19.3","1320",6468967
"491",2008,"Michigan","Thyroid","11.6","1191",9946889
"492",2008,"Minnesota","Thyroid","12.3","659",5247018
"493",2008,"Mississippi","Thyroid","9","272",2947806
"494",2008,"Missouri","Thyroid","12.3","756",5923916
"495",2008,"Montana","Thyroid","13","132",976415
"496",2008,"Nebraska","Thyroid","13.2","241",1796378
"497",2008,"Nevada","Thyroid","14","384",2653630
"498",2008,"New Hampshire","Thyroid","14.4","200",1315906
"499",2008,"New Jersey","Thyroid","16.8","1530",8711090
"500",2008,"New Mexico","Thyroid","12","245",2010662
"501",2008,"New York","Thyroid","16.9","3410",19212436
"502",2008,"North Carolina","Thyroid","12.1","1166",9309449
"503",2008,"North Dakota","Thyroid","13","88",657569
"504",2008,"Ohio","Thyroid","11.6","1397",11515391
"505",2008,"Oklahoma","Thyroid","9.6","364",3668976
"506",2008,"Oregon","Thyroid","12.2","481",3768748
"507",2008,"Pennsylvania","Thyroid","19","2544",12612285
"508",2008,"Rhode Island","Thyroid","19.3","211",1055003
"509",2008,"South Carolina","Thyroid","9.9","469",4528996
"510",2008,"South Dakota","Thyroid","11.9","96",799124
"511",2008,"Tennessee","Thyroid","11.6","765",6247411
"512",2008,"Texas","Thyroid","11.3","2628",24309039
"513",2008,"United States","Thyroid","12.8","40119",304093966
"514",2008,"Utah","Thyroid","14.7","348",2663029
"515",2008,"Vermont","Thyroid","13.5","88",624151
"516",2008,"Virginia","Thyroid","11.5","942",7833496
"517",2008,"Washington","Thyroid","12.9","876",6562231
"518",2008,"West Virginia","Thyroid","12.9","257",1840310
"519",2008,"Wisconsin","Thyroid","11.5","665",5640996
"520",2008,"Wyoming","Thyroid","12.6","70",546043
"521",2009,"Alabama","Thyroid","8.2","407",4757938
"522",2009,"Alaska","Thyroid","12.6","90",698895
"523",2009,"Arizona","Thyroid","15.4","981",6343154
"524",2009,"Arkansas","Thyroid","9","274",2896843
"525",2009,"California","Thyroid","11.6","4300",36961229
"526",2009,"Colorado","Thyroid","14.6","740",4972195
"527",2009,"Connecticut","Thyroid","19.3","730",3561807
"528",2009,"Delaware","Thyroid","12.6","116",891730
"529",2009,"District of Columbia","Thyroid","13.9","87",592228
"530",2009,"Florida","Thyroid","11.9","2411",18652644
"531",2009,"Georgia","Thyroid","10.8","1027",9620846
"532",2009,"Hawaii","Thyroid","15.8","221",1346717
"533",2009,"Idaho","Thyroid","16.7","253",1554439
"534",2009,"Illinois","Thyroid","13.6","1776",12796778
"535",2009,"Indiana","Thyroid","10.7","706",6459325
"536",2009,"Iowa","Thyroid","15.5","476",3032870
"537",2009,"Kansas","Thyroid","15.3","428",2832704
"538",2009,"Kentucky","Thyroid","13.7","624",4317074
"539",2009,"Louisiana","Thyroid","10.4","477",4491648
"540",2009,"Maine","Thyroid","12.8","187",1329590
"541",2009,"Maryland","Thyroid","14.6","876",5730388
"542",2009,"Massachusetts","Thyroid","20.9","1448",6517613
"543",2009,"Michigan","Thyroid","12.6","1299",9901591
"544",2009,"Minnesota","Thyroid","12.1","649",5281203
"545",2009,"Mississippi","Thyroid","10","297",2958774
"546",2009,"Missouri","Thyroid","12.8","792",5961088
"547",2009,"Montana","Thyroid","14.9","155",983982
"548",2009,"Nebraska","Thyroid","14.2","262",1812683
"549",2009,"Nevada","Thyroid","16.7","463",2684665
"550",2009,"New Hampshire","Thyroid","13.2","189",1316102
"551",2009,"New Jersey","Thyroid","19.1","1774",8755602
"552",2009,"New Mexico","Thyroid","14.3","299",2036802
"553",2009,"New York","Thyroid","18.1","3658",19307066
"554",2009,"North Carolina","Thyroid","12.8","1246",9449566
"555",2009,"North Dakota","Thyroid","13.1","90",664968
"556",2009,"Ohio","Thyroid","13","1559",11528896
"557",2009,"Oklahoma","Thyroid","10.1","386",3717572
"558",2009,"Oregon","Thyroid","11","445",3808600
"559",2009,"Pennsylvania","Thyroid","20.4","2747",12666858
"560",2009,"Rhode Island","Thyroid","22.7","246",1053646
"561",2009,"South Carolina","Thyroid","10.2","495",4589872
"562",2009,"South Dakota","Thyroid","14.5","116",807067
"563",2009,"Tennessee","Thyroid","12.7","835",6306019
"564",2009,"Texas","Thyroid","12.1","2885",24801761
"565",2009,"United States","Thyroid","13.6","43001",306771529
"566",2009,"Utah","Thyroid","19.6","461",2723421
"567",2009,"Vermont","Thyroid","15.7","102",624817
"568",2009,"Virginia","Thyroid","12.2","1013",7925937
"569",2009,"Washington","Thyroid","13","901",6667426
"570",2009,"West Virginia","Thyroid","12.1","249",1847775
"571",2009,"Wisconsin","Thyroid","11.8","693",5669264
"572",2009,"Wyoming","Thyroid","10.4","60",559851
"573",2010,"Alabama","Thyroid","8.9","446",4785437
"574",2010,"Alaska","Thyroid","10.8","77",713910
"575",2010,"Arizona","Thyroid","16.7","1081",6407172
"576",2010,"Arkansas","Thyroid","9.8","299",2921964
"577",2010,"California","Thyroid","12.2","4581",37319502
"578",2010,"Colorado","Thyroid","16","825",5047349
"579",2010,"Connecticut","Thyroid","17.7","675",3579114
"580",2010,"Delaware","Thyroid","14.6","141",899593
"581",2010,"District of Columbia","Thyroid","17.8","113",605226
"582",2010,"Florida","Thyroid","11.4","2364",18845537
"583",2010,"Georgia","Thyroid","10","970",9711881
"584",2010,"Hawaii","Thyroid","15.5","220",1363963
"585",2010,"Idaho","Thyroid","16.8","258",1570746
"586",2010,"Illinois","Thyroid","13.6","1781",12840503
"587",2010,"Indiana","Thyroid","11.7","773",6490432
"588",2010,"Iowa","Thyroid","12.9","402",3050745
"589",2010,"Kansas","Thyroid","16.4","474",2858190
"590",2010,"Kentucky","Thyroid","14.2","650",4348181
"591",2010,"Louisiana","Thyroid","11.9","554",4544532
"592",2010,"Maine","Thyroid","12.9","184",1327629
"593",2010,"Maryland","Thyroid","14.4","880",5788645
"594",2010,"Massachusetts","Thyroid","18.7","1306",6566307
"595",2010,"Michigan","Thyroid","13.2","1368",9877510
"596",2010,"Minnesota","Thyroid","11.3","609",5310828
"597",2010,"Mississippi","Thyroid","10.2","312",2970548
"598",2010,"Missouri","Thyroid","12.7","788",5995974
"599",2010,"Montana","Thyroid","16.2","167",990697
"600",2010,"Nebraska","Thyroid","13.9","255",1829542
"601",2010,"Nevada","Thyroid","15.7","446",2702405
"602",2010,"New Hampshire","Thyroid","12.6","186",1316762
"603",2010,"New Jersey","Thyroid","18.7","1756",8799446
"604",2010,"New Mexico","Thyroid","14.9","308",2064552
"605",2010,"New York","Thyroid","18.2","3717",19399878
"606",2010,"North Carolina","Thyroid","13.4","1339",9574323
"607",2010,"North Dakota","Thyroid","10.5","76",674715
"608",2010,"Ohio","Thyroid","13.7","1646",11539336
"609",2010,"Oklahoma","Thyroid","10.1","386",3759944
"610",2010,"Oregon","Thyroid","12.2","484",3837491
"611",2010,"Pennsylvania","Thyroid","20.7","2793",12711160
"612",2010,"Rhode Island","Thyroid","18.8","211",1053959
"613",2010,"South Carolina","Thyroid","10.6","523",4635649
"614",2010,"South Dakota","Thyroid","13.5","114",816166
"615",2010,"Tennessee","Thyroid","13.7","921",6355311
"616",2010,"Texas","Thyroid","12.3","3005",25241971
"617",2010,"United States","Thyroid","13.8","43995",309321666
"618",2010,"Utah","Thyroid","17.8","433",2775332
"619",2010,"Vermont","Thyroid","11.2","75",625879
"620",2010,"Virginia","Thyroid","11.8","996",8023699
"621",2010,"Washington","Thyroid","13.1","904",6742830
"622",2010,"West Virginia","Thyroid","15.1","307",1854239
"623",2010,"Wisconsin","Thyroid","12.4","727",5690475
"624",2010,"Wyoming","Thyroid","14.7","89",564487
"625",2011,"Alabama","Thyroid","9.3","473",4799069
"626",2011,"Alaska","Thyroid","10.5","69",722128
"627",2011,"Arizona","Thyroid","15.7","1024",6472643
"628",2011,"Arkansas","Thyroid","10.2","313",2940667
"629",2011,"California","Thyroid","12.4","4695",37638369
"630",2011,"Colorado","Thyroid","16.1","862",5121108
"631",2011,"Connecticut","Thyroid","19.2","739",3588283
"632",2011,"Delaware","Thyroid","15","142",907381
"633",2011,"District of Columbia","Thyroid","14.1","91",619800
"634",2011,"Florida","Thyroid","11.5","2402",19053237
"635",2011,"Georgia","Thyroid","11.5","1136",9802431
"636",2011,"Hawaii","Thyroid","16.1","231",1379329
"637",2011,"Idaho","Thyroid","15.8","247",1583910
"638",2011,"Illinois","Thyroid","14.1","1884",12867454
"639",2011,"Indiana","Thyroid","11.6","766",6516528
"640",2011,"Iowa","Thyroid","13.3","426",3066336
"641",2011,"Kansas","Thyroid","17","490",2869225
"642",2011,"Kentucky","Thyroid","14.3","662",4369821
"643",2011,"Louisiana","Thyroid","13.4","633",4575625
"644",2011,"Maine","Thyroid","15.5","223",1328284
"645",2011,"Maryland","Thyroid","14.1","864",5839419
"646",2011,"Massachusetts","Thyroid","21","1478",6613583
"647",2011,"Michigan","Thyroid","13","1348",9882412
"648",2011,"Minnesota","Thyroid","12.5","680",5346143
"649",2011,"Mississippi","Thyroid","11","333",2978731
"650",2011,"Missouri","Thyroid","12.4","789",6010275
"651",2011,"Montana","Thyroid","15.3","160",997316
"652",2011,"Nebraska","Thyroid","13.3","249",1840672
"653",2011,"Nevada","Thyroid","16.5","461",2712730
"654",2011,"New Hampshire","Thyroid","14.6","210",1320202
"655",2011,"New Jersey","Thyroid","19.1","1803",8828117
"656",2011,"New Mexico","Thyroid","14.1","301",2080450
"657",2011,"New York","Thyroid","18.9","3912",19499241
"658",2011,"North Carolina","Thyroid","12.5","1262",9657592
"659",2011,"North Dakota","Thyroid","14.2","101",685225
"660",2011,"Ohio","Thyroid","14.3","1732",11544663
"661",2011,"Oklahoma","Thyroid","10.1","392",3788379
"662",2011,"Oregon","Thyroid","13.8","556",3872036
"663",2011,"Pennsylvania","Thyroid","21.1","2884",12745815
"664",2011,"Rhode Island","Thyroid","18.5","208",1053649
"665",2011,"South Carolina","Thyroid","12.2","598",4671994
"666",2011,"South Dakota","Thyroid","12.9","110",823579
"667",2011,"Tennessee","Thyroid","13.9","947",6399291
"668",2011,"Texas","Thyroid","12.2","3051",25645629
"669",2011,"United States","Thyroid","14.1","45803",311556874
"670",2011,"Utah","Thyroid","19.4","479",2814384
"671",2011,"Vermont","Thyroid","13.3","88",627049
"672",2011,"Virginia","Thyroid","12.9","1108",8101155
"673",2011,"Washington","Thyroid","14.2","1011",6826627
"674",2011,"West Virginia","Thyroid","15.6","322",1856301
"675",2011,"Wisconsin","Thyroid","13.1","777",5705288
"676",2011,"Wyoming","Thyroid","14.3","81",567299
"677",2012,"Alabama","Thyroid","8.7","445",4815588
"678",2012,"Alaska","Thyroid","10.9","81",730443
"679",2012,"Arizona","Thyroid","16.4","1090",6554978
"680",2012,"Arkansas","Thyroid","10.3","315",2952164
"681",2012,"California","Thyroid","13","4981",37948800
"682",2012,"Colorado","Thyroid","16.2","877",5192647
"683",2012,"Connecticut","Thyroid","19.8","751",3594547
"684",2012,"Delaware","Thyroid","15.1","142",915179
"685",2012,"District of Columbia","Thyroid","16.2","109",634924
"686",2012,"Florida","Thyroid","12.6","2656",19297822
"687",2012,"Georgia","Thyroid","11.3","1128",9901430
"688",2012,"Hawaii","Thyroid","17","251",1394804
"689",2012,"Idaho","Thyroid","17.1","268",1595324
"690",2012,"Illinois","Thyroid","15.4","2048",12882510
"691",2012,"Indiana","Thyroid","12.4","829",6537703
"692",2012,"Iowa","Thyroid","12.7","406",3076190
"693",2012,"Kansas","Thyroid","17.7","510",2885257
"694",2012,"Kentucky","Thyroid","15.2","710",4386346
"695",2012,"Louisiana","Thyroid","13.1","617",4600972
"696",2012,"Maine","Thyroid","14.3","211",1327729
"697",2012,"Maryland","Thyroid","16.4","1025",5886992
"698",2012,"Massachusetts","Thyroid","20.3","1442",6663005
"699",2012,"Michigan","Thyroid","13.4","1395",9897145
"700",2012,"Minnesota","Thyroid","13.5","759",5376643
"701",2012,"Mississippi","Thyroid","10.4","320",2983816
"702",2012,"Missouri","Thyroid","12.3","785",6024367
"703",2012,"Montana","Thyroid","14.4","154",1003783
"704",2012,"Nebraska","Thyroid","14.5","272",1853303
"705",2012,"Nevada","Thyroid","15.2","431",2743996
"706",2012,"New Hampshire","Thyroid","18.7","268",1324232
"707",2012,"New Jersey","Thyroid","19.4","1833",8844942
"708",2012,"New Mexico","Thyroid","15.2","329",2087309
"709",2012,"New York","Thyroid","19.4","4011",19572932
"710",2012,"North Carolina","Thyroid","12.8","1319",9749476
"711",2012,"North Dakota","Thyroid","18.1","130",701176
"712",2012,"Ohio","Thyroid","14.2","1727",11548923
"713",2012,"Oklahoma","Thyroid","12.5","491",3818814
"714",2012,"Oregon","Thyroid","12.9","533",3899001
"715",2012,"Pennsylvania","Thyroid","21","2879",12767118
"716",2012,"Rhode Island","Thyroid","19.2","218",1054621
"717",2012,"South Carolina","Thyroid","11.8","595",4717354
"718",2012,"South Dakota","Thyroid","12.5","108",833566
"719",2012,"Tennessee","Thyroid","13.3","905",6453898
"720",2012,"Texas","Thyroid","12.7","3230",26084481
"721",2012,"United States","Thyroid","14.6","47518",313830990
"722",2012,"Utah","Thyroid","19.8","509",2853375
"723",2012,"Vermont","Thyroid","15.3","96",626090
"724",2012,"Virginia","Thyroid","12.6","1071",8185080
"725",2012,"Washington","Thyroid","14.2","1024",6897058
"726",2012,"West Virginia","Thyroid","15.8","330",1856872
"727",2012,"Wisconsin","Thyroid","14","833",5719960
"728",2012,"Wyoming","Thyroid","12.3","71",576305
