Year,Area,Cancer Type,Age-Adjusted Rate,Death Count,Population
1999,Alabama,Lung and Bronchus,62.5,2852,4430141
1999,Alaska,Lung and Bronchus,54.8,179,624779
1999,Arizona,Lung and Bronchus,49.4,2513,5023823
1999,Arkansas,Lung and Bronchus,67.7,1952,2651860
1999,California,Lung and Bronchus,48.1,13740,33499204
1999,Colorado,Lung and Bronchus,40.5,1368,4226018
1999,Connecticut,Lung and Bronchus,48.8,1788,3386401
1999,Delaware,Lung and Bronchus,68.2,539,774990
1999,District of Columbia,Lung and Bronchus,54,299,570213
1999,Florida,Lung and Bronchus,56.3,11483,15759421
1999,Georgia,Lung and Bronchus,60.1,3935,8045965
1999,Hawaii,Lung and Bronchus,36.7,454,1210300
1999,Idaho,Lung and Bronchus,43.1,497,1275674
1999,Illinois,Lung and Bronchus,56.6,6713,12359020
1999,Indiana,Lung and Bronchus,65.5,3897,6044969
1999,Iowa,Lung and Bronchus,50.6,1675,2917634
1999,Kansas,Lung and Bronchus,53.8,1470,2678338
1999,Kentucky,Lung and Bronchus,73.9,2969,4018053
1999,Louisiana,Lung and Bronchus,65.4,2690,4460811
1999,Maine,Lung and Bronchus,58,822,1266808
1999,Maryland,Lung and Bronchus,58.7,2847,5254509
1999,Massachusetts,Lung and Bronchus,54,3593,6317345
1999,Michigan,Lung and Bronchus,56.3,5438,9897116
1999,Minnesota,Lung and Bronchus,47.3,2205,4873481
1999,Mississippi,Lung and Bronchus,70.5,1906,2828408
1999,Missouri,Lung and Bronchus,61.9,3620,5561948
1999,Montana,Lung and Bronchus,53.4,507,897507
1999,Nebraska,Lung and Bronchus,51.2,909,1704764
1999,Nevada,Lung and Bronchus,64.3,1131,1934718
1999,New Hampshire,Lung and Bronchus,56.3,665,1222014
1999,New Jersey,Lung and Bronchus,52.9,4603,8359592
1999,New Mexico,Lung and Bronchus,37.9,627,1808082
1999,New York,Lung and Bronchus,49.9,9550,18882725
1999,North Carolina,Lung and Bronchus,60.6,4684,7949361
1999,North Dakota,Lung and Bronchus,41.5,298,644259
1999,Ohio,Lung and Bronchus,60.8,7172,11335454
1999,Oklahoma,Lung and Bronchus,62.5,2221,3437147
1999,Oregon,Lung and Bronchus,54.5,1887,3393941
1999,Pennsylvania,Lung and Bronchus,54.5,7918,12263805
1999,Rhode Island,Lung and Bronchus,60,698,1040402
1999,South Carolina,Lung and Bronchus,60.1,2337,3974682
1999,South Dakota,Lung and Bronchus,49.6,404,750412
1999,Tennessee,Lung and Bronchus,67.2,3790,5638706
1999,Texas,Lung and Bronchus,55.2,9186,20558220
1999,United States,Lung and Bronchus,55.4,152061,279040168
1999,Utah,Lung and Bronchus,26.5,402,2203482
1999,Vermont,Lung and Bronchus,55,338,604683
1999,Virginia,Lung and Bronchus,58.8,3777,7000174
1999,Washington,Lung and Bronchus,57.4,3055,5842564
1999,West Virginia,Lung and Bronchus,73.1,1569,1811799
1999,Wisconsin,Lung and Bronchus,48.6,2649,5332666
1999,Wyoming,Lung and Bronchus,52.1,240,491780
2000,Alabama,Lung and Bronchus,64.2,2964,4452173
2000,Alaska,Lung and Bronchus,59.4,203,627963
2000,Arizona,Lung and Bronchus,48.2,2520,5160586
2000,Arkansas,Lung and Bronchus,68.2,1988,2678588
2000,California,Lung and Bronchus,47.1,13690,33987977
2000,Colorado,Lung and Bronchus,41.2,1432,4326921
2000,Connecticut,Lung and Bronchus,50.5,1867,3411777
2000,Delaware,Lung and Bronchus,59.2,478,786373
2000,District of Columbia,Lung and Bronchus,57.2,319,572046
2000,Florida,Lung and Bronchus,56.5,11742,16047515
2000,Georgia,Lung and Bronchus,62.4,4166,8227303
2000,Hawaii,Lung and Bronchus,35.5,448,1213519
2000,Idaho,Lung and Bronchus,45.1,533,1299430
2000,Illinois,Lung and Bronchus,57.2,6828,12434161
2000,Indiana,Lung and Bronchus,65.5,3936,6091866
2000,Iowa,Lung and Bronchus,52.2,1733,2929067
2000,Kansas,Lung and Bronchus,52.7,1458,2693681
2000,Kentucky,Lung and Bronchus,79.8,3255,4049021
2000,Louisiana,Lung and Bronchus,67.5,2815,4471885
2000,Maine,Lung and Bronchus,62.2,896,1277072
2000,Maryland,Lung and Bronchus,59.2,2925,5311034
2000,Massachusetts,Lung and Bronchus,55.9,3762,6361104
2000,Michigan,Lung and Bronchus,56.8,5548,9952450
2000,Minnesota,Lung and Bronchus,46.4,2197,4933692
2000,Mississippi,Lung and Bronchus,70.6,1930,2848353
2000,Missouri,Lung and Bronchus,63.3,3739,5607285
2000,Montana,Lung and Bronchus,50.3,485,903773
2000,Nebraska,Lung and Bronchus,47.9,861,1713820
2000,Nevada,Lung and Bronchus,64.8,1184,2018741
2000,New Hampshire,Lung and Bronchus,54.7,659,1239882
2000,New Jersey,Lung and Bronchus,53.2,4682,8430621
2000,New Mexico,Lung and Bronchus,38.9,660,1821204
2000,New York,Lung and Bronchus,49.3,9564,19001780
2000,North Carolina,Lung and Bronchus,62.1,4874,8081614
2000,North Dakota,Lung and Bronchus,44.1,315,642023
2000,Ohio,Lung and Bronchus,61.1,7258,11363543
2000,Oklahoma,Lung and Bronchus,64.7,2321,3454365
2000,Oregon,Lung and Bronchus,58.6,2055,3429708
2000,Pennsylvania,Lung and Bronchus,55.1,8057,12284173
2000,Rhode Island,Lung and Bronchus,58.4,681,1050268
2000,South Carolina,Lung and Bronchus,61.1,2419,4024223
2000,South Dakota,Lung and Bronchus,46.9,389,755844
2000,Tennessee,Lung and Bronchus,68.8,3939,5703719
2000,Texas,Lung and Bronchus,55.7,9470,20944499
2000,United States,Lung and Bronchus,55.8,155426,282162411
2000,Utah,Lung and Bronchus,26.3,407,2244502
2000,Vermont,Lung and Bronchus,53.4,334,609618
2000,Virginia,Lung and Bronchus,58.9,3853,7105817
2000,Washington,Lung and Bronchus,57.5,3113,5910512
2000,West Virginia,Lung and Bronchus,73.4,1582,1807021
2000,Wisconsin,Lung and Bronchus,48.2,2660,5373999
2000,Wyoming,Lung and Bronchus,49.2,232,494300
2001,Alabama,Lung and Bronchus,62.6,2912,4467634
2001,Alaska,Lung and Bronchus,55.4,197,633714
2001,Arizona,Lung and Bronchus,45.7,2440,5273477
2001,Arkansas,Lung and Bronchus,68.2,2003,2691571
2001,California,Lung and Bronchus,47.2,13992,34479458
2001,Colorado,Lung and Bronchus,42,1483,4425687
2001,Connecticut,Lung and Bronchus,49.3,1846,3432835
2001,Delaware,Lung and Bronchus,63.8,521,795699
2001,District of Columbia,Lung and Bronchus,56.5,314,574504
2001,Florida,Lung and Bronchus,55.8,11793,16356966
2001,Georgia,Lung and Bronchus,61.5,4191,8377038
2001,Hawaii,Lung and Bronchus,36.8,475,1225948
2001,Idaho,Lung and Bronchus,44.6,537,1319962
2001,Illinois,Lung and Bronchus,56.5,6793,12488445
2001,Indiana,Lung and Bronchus,65,3935,6127760
2001,Iowa,Lung and Bronchus,51.4,1712,2931997
2001,Kansas,Lung and Bronchus,56.2,1555,2702162
2001,Kentucky,Lung and Bronchus,81.3,3340,4068132
2001,Louisiana,Lung and Bronchus,68.7,2890,4477875
2001,Maine,Lung and Bronchus,58.8,860,1285692
2001,Maryland,Lung and Bronchus,57.5,2889,5374691
2001,Massachusetts,Lung and Bronchus,54.6,3693,6397634
2001,Michigan,Lung and Bronchus,57.2,5642,9991120
2001,Minnesota,Lung and Bronchus,47.4,2270,4982796
2001,Mississippi,Lung and Bronchus,69,1904,2852994
2001,Missouri,Lung and Bronchus,63,3755,5641142
2001,Montana,Lung and Bronchus,59.1,577,906961
2001,Nebraska,Lung and Bronchus,52.7,945,1719836
2001,Nevada,Lung and Bronchus,63.1,1200,2098399
2001,New Hampshire,Lung and Bronchus,53.1,648,1255517
2001,New Jersey,Lung and Bronchus,52.9,4698,8492671
2001,New Mexico,Lung and Bronchus,37.7,657,1831690
2001,New York,Lung and Bronchus,48.6,9517,19082838
2001,North Carolina,Lung and Bronchus,61.3,4901,8210122
2001,North Dakota,Lung and Bronchus,49,348,639062
2001,Ohio,Lung and Bronchus,60.1,7186,11387404
2001,Oklahoma,Lung and Bronchus,64.2,2317,3467100
2001,Oregon,Lung and Bronchus,54.9,1955,3467937
2001,Pennsylvania,Lung and Bronchus,54.9,8037,12298970
2001,Rhode Island,Lung and Bronchus,55.6,648,1057142
2001,South Carolina,Lung and Bronchus,62.8,2540,4064995
2001,South Dakota,Lung and Bronchus,49.8,411,757972
2001,Tennessee,Lung and Bronchus,68.9,3988,5750789
2001,Texas,Lung and Bronchus,54.3,9395,21319622
2001,United States,Lung and Bronchus,55.3,155969,284968955
2001,Utah,Lung and Bronchus,23.4,371,2283715
2001,Vermont,Lung and Bronchus,54.2,345,612223
2001,Virginia,Lung and Bronchus,56.4,3764,7198362
2001,Washington,Lung and Bronchus,55.5,3049,5985722
2001,West Virginia,Lung and Bronchus,71.8,1555,1801481
2001,Wisconsin,Lung and Bronchus,49.2,2743,5406835
2001,Wyoming,Lung and Bronchus,48.8,232,494657
2002,Alabama,Lung and Bronchus,63.5,2989,4480089
2002,Alaska,Lung and Bronchus,51.4,198,642337
2002,Arizona,Lung and Bronchus,47.7,2620,5396255
2002,Arkansas,Lung and Bronchus,71.5,2131,2705927
2002,California,Lung and Bronchus,45.6,13789,34871843
2002,Colorado,Lung and Bronchus,42.8,1548,4490406
2002,Connecticut,Lung and Bronchus,48.5,1847,3458749
2002,Delaware,Lung and Bronchus,56.2,473,806169
2002,District of Columbia,Lung and Bronchus,58.3,326,573158
2002,Florida,Lung and Bronchus,54.9,11847,16689370
2002,Georgia,Lung and Bronchus,59.9,4186,8508256
2002,Hawaii,Lung and Bronchus,31.9,424,1239613
2002,Idaho,Lung and Bronchus,43.2,531,1340372
2002,Illinois,Lung and Bronchus,56.5,6847,12525556
2002,Indiana,Lung and Bronchus,64.8,3968,6155967
2002,Iowa,Lung and Bronchus,51.4,1732,2934234
2002,Kansas,Lung and Bronchus,53.1,1479,2713535
2002,Kentucky,Lung and Bronchus,80.4,3347,4089875
2002,Louisiana,Lung and Bronchus,66.4,2837,4497267
2002,Maine,Lung and Bronchus,63.5,948,1295960
2002,Maryland,Lung and Bronchus,57.7,2967,5440389
2002,Massachusetts,Lung and Bronchus,55.2,3762,6417206
2002,Michigan,Lung and Bronchus,57.2,5713,10015710
2002,Minnesota,Lung and Bronchus,47.7,2326,5018935
2002,Mississippi,Lung and Bronchus,68,1900,2858681
2002,Missouri,Lung and Bronchus,62.9,3792,5674825
2002,Montana,Lung and Bronchus,53.2,531,911667
2002,Nebraska,Lung and Bronchus,49,889,1728292
2002,Nevada,Lung and Bronchus,57.3,1154,2173791
2002,New Hampshire,Lung and Bronchus,56.4,702,1269089
2002,New Jersey,Lung and Bronchus,50.7,4558,8552643
2002,New Mexico,Lung and Bronchus,39.4,699,1855309
2002,New York,Lung and Bronchus,48.5,9615,19137800
2002,North Carolina,Lung and Bronchus,59.4,4868,8326201
2002,North Dakota,Lung and Bronchus,42.4,304,638168
2002,Ohio,Lung and Bronchus,62,7490,11407889
2002,Oklahoma,Lung and Bronchus,65.6,2397,3489080
2002,Oregon,Lung and Bronchus,56.5,2057,3513424
2002,Pennsylvania,Lung and Bronchus,54.7,8096,12331031
2002,Rhode Island,Lung and Bronchus,58.7,695,1065995
2002,South Carolina,Lung and Bronchus,60.3,2483,4107795
2002,South Dakota,Lung and Bronchus,47.7,399,760020
2002,Tennessee,Lung and Bronchus,69.4,4080,5795918
2002,Texas,Lung and Bronchus,55.4,9797,21690325
2002,United States,Lung and Bronchus,55,157630,287625193
2002,Utah,Lung and Bronchus,24.6,400,2324815
2002,Vermont,Lung and Bronchus,49.1,318,615442
2002,Virginia,Lung and Bronchus,57.5,3920,7286873
2002,Washington,Lung and Bronchus,54.6,3084,6052349
2002,West Virginia,Lung and Bronchus,69.4,1522,1805414
2002,Wisconsin,Lung and Bronchus,49.6,2803,5445162
2002,Wyoming,Lung and Bronchus,49.6,242,500017
2003,Alabama,Lung and Bronchus,65,3107,4503491
2003,Alaska,Lung and Bronchus,56.9,214,648414
2003,Arizona,Lung and Bronchus,48.2,2719,5510364
2003,Arkansas,Lung and Bronchus,67.2,2018,2724816
2003,California,Lung and Bronchus,44.2,13640,35253159
2003,Colorado,Lung and Bronchus,41.7,1545,4528732
2003,Connecticut,Lung and Bronchus,49.1,1889,3484336
2003,Delaware,Lung and Bronchus,62.3,539,818003
2003,District of Columbia,Lung and Bronchus,50.9,284,568502
2003,Florida,Lung and Bronchus,54.2,11915,17004085
2003,Georgia,Lung and Bronchus,59.6,4261,8622793
2003,Hawaii,Lung and Bronchus,37.4,508,1251154
2003,Idaho,Lung and Bronchus,46.5,590,1363380
2003,Illinois,Lung and Bronchus,56,6854,12556006
2003,Indiana,Lung and Bronchus,65.5,4074,6196638
2003,Iowa,Lung and Bronchus,52.2,1765,2941999
2003,Kansas,Lung and Bronchus,53.7,1515,2723004
2003,Kentucky,Lung and Bronchus,78.5,3330,4117170
2003,Louisiana,Lung and Bronchus,66,2855,4521042
2003,Maine,Lung and Bronchus,62.7,951,1306513
2003,Maryland,Lung and Bronchus,57.7,3015,5496269
2003,Massachusetts,Lung and Bronchus,54.7,3760,6422565
2003,Michigan,Lung and Bronchus,56.3,5711,10041152
2003,Minnesota,Lung and Bronchus,46.1,2283,5053572
2003,Mississippi,Lung and Bronchus,67,1897,2868312
2003,Missouri,Lung and Bronchus,61.9,3786,5709403
2003,Montana,Lung and Bronchus,52.7,535,919630
2003,Nebraska,Lung and Bronchus,47.9,877,1738643
2003,Nevada,Lung and Bronchus,62.8,1324,2248850
2003,New Hampshire,Lung and Bronchus,53.1,679,1279840
2003,New Jersey,Lung and Bronchus,51.2,4648,8601402
2003,New Mexico,Lung and Bronchus,39.6,725,1877574
2003,New York,Lung and Bronchus,47.2,9453,19175939
2003,North Carolina,Lung and Bronchus,57.7,4848,8422501
2003,North Dakota,Lung and Bronchus,43.5,316,638817
2003,Ohio,Lung and Bronchus,60.6,7411,11434788
2003,Oklahoma,Lung and Bronchus,62.5,2312,3504892
2003,Oregon,Lung and Bronchus,55.3,2062,3547376
2003,Pennsylvania,Lung and Bronchus,53.3,7949,12374658
2003,Rhode Island,Lung and Bronchus,54.2,644,1071342
2003,South Carolina,Lung and Bronchus,62,2625,4150297
2003,South Dakota,Lung and Bronchus,47.7,405,763729
2003,Tennessee,Lung and Bronchus,67.4,4045,5847812
2003,Texas,Lung and Bronchus,53.8,9725,22030931
2003,United States,Lung and Bronchus,54.2,157990,290107933
2003,Utah,Lung and Bronchus,24.7,412,2360137
2003,Vermont,Lung and Bronchus,48.8,320,617858
2003,Virginia,Lung and Bronchus,57.6,4024,7366977
2003,Washington,Lung and Bronchus,55.7,3188,6104115
2003,West Virginia,Lung and Bronchus,66.3,1468,1812295
2003,Wisconsin,Lung and Bronchus,47.3,2725,5479203
2003,Wyoming,Lung and Bronchus,49.2,245,503453
2004,Alabama,Lung and Bronchus,62.9,3051,4530729
2004,Alaska,Lung and Bronchus,58.1,229,659286
2004,Arizona,Lung and Bronchus,46.2,2687,5652404
2004,Arkansas,Lung and Bronchus,68.7,2100,2749686
2004,California,Lung and Bronchus,42.7,13399,35574576
2004,Colorado,Lung and Bronchus,39.4,1501,4575013
2004,Connecticut,Lung and Bronchus,49.7,1927,3496094
2004,Delaware,Lung and Bronchus,65.8,583,830803
2004,District of Columbia,Lung and Bronchus,50.7,283,567754
2004,Florida,Lung and Bronchus,53.7,12065,17415318
2004,Georgia,Lung and Bronchus,59,4313,8769252
2004,Hawaii,Lung and Bronchus,37.7,523,1273569
2004,Idaho,Lung and Bronchus,41.2,535,1391802
2004,Illinois,Lung and Bronchus,55,6804,12589773
2004,Indiana,Lung and Bronchus,60.8,3825,6233007
2004,Iowa,Lung and Bronchus,53.6,1823,2953635
2004,Kansas,Lung and Bronchus,54,1544,2734373
2004,Kentucky,Lung and Bronchus,77.2,3314,4146101
2004,Louisiana,Lung and Bronchus,66.6,2916,4552238
2004,Maine,Lung and Bronchus,61.5,951,1313688
2004,Maryland,Lung and Bronchus,53.4,2845,5546935
2004,Massachusetts,Lung and Bronchus,52.2,3612,6412281
2004,Michigan,Lung and Bronchus,56.7,5824,10055315
2004,Minnesota,Lung and Bronchus,46.9,2355,5087713
2004,Mississippi,Lung and Bronchus,68.5,1969,2889010
2004,Missouri,Lung and Bronchus,65.3,4033,5747741
2004,Montana,Lung and Bronchus,48.6,503,930009
2004,Nebraska,Lung and Bronchus,47.5,877,1749370
2004,Nevada,Lung and Bronchus,56.5,1239,2346222
2004,New Hampshire,Lung and Bronchus,56.5,731,1290121
2004,New Jersey,Lung and Bronchus,48.9,4487,8634561
2004,New Mexico,Lung and Bronchus,36,676,1903808
2004,New York,Lung and Bronchus,46.4,9384,19171567
2004,North Carolina,Lung and Bronchus,58.6,5033,8553152
2004,North Dakota,Lung and Bronchus,48.2,358,644705
2004,Ohio,Lung and Bronchus,60.2,7427,11452251
2004,Oklahoma,Lung and Bronchus,63.1,2359,3525233
2004,Oregon,Lung and Bronchus,54.4,2067,3569463
2004,Pennsylvania,Lung and Bronchus,53.2,7973,12410722
2004,Rhode Island,Lung and Bronchus,55.4,669,1074579
2004,South Carolina,Lung and Bronchus,57.9,2503,4210921
2004,South Dakota,Lung and Bronchus,49.5,424,770396
2004,Tennessee,Lung and Bronchus,68,4170,5910809
2004,Texas,Lung and Bronchus,52.3,9697,22394023
2004,United States,Lung and Bronchus,53.4,158006,292805298
2004,Utah,Lung and Bronchus,26.6,454,2401580
2004,Vermont,Lung and Bronchus,48.3,327,619920
2004,Virginia,Lung and Bronchus,56.3,3992,7475575
2004,Washington,Lung and Bronchus,52.2,3066,6178645
2004,West Virginia,Lung and Bronchus,65.7,1469,1816438
2004,Wisconsin,Lung and Bronchus,50,2905,5514026
2004,Wyoming,Lung and Bronchus,40.2,205,509106
2005,Alabama,Lung and Bronchus,64.1,3146,4565917
2005,Alaska,Lung and Bronchus,51.6,216,666946
2005,Arizona,Lung and Bronchus,43.8,2648,5839077
2005,Arkansas,Lung and Bronchus,70.3,2176,2781097
2005,California,Lung and Bronchus,41.9,13345,35827943
2005,Colorado,Lung and Bronchus,39,1528,4631888
2005,Connecticut,Lung and Bronchus,46.8,1830,3506956
2005,Delaware,Lung and Bronchus,62.3,568,845150
2005,District of Columbia,Lung and Bronchus,51.9,289,567136
2005,Florida,Lung and Bronchus,52.6,12104,17842038
2005,Georgia,Lung and Bronchus,57.8,4366,8925922
2005,Hawaii,Lung and Bronchus,40,572,1292729
2005,Idaho,Lung and Bronchus,45.7,612,1428241
2005,Illinois,Lung and Bronchus,53,6613,12609903
2005,Indiana,Lung and Bronchus,62.9,4021,6278616
2005,Iowa,Lung and Bronchus,53.8,1853,2964454
2005,Kansas,Lung and Bronchus,57,1642,2745299
2005,Kentucky,Lung and Bronchus,77.3,3390,4182742
2005,Louisiana,Lung and Bronchus,65.8,2847,4411396
2005,Maine,Lung and Bronchus,60,946,1318787
2005,Maryland,Lung and Bronchus,55.1,2989,5592379
2005,Massachusetts,Lung and Bronchus,52.4,3638,6403290
2005,Michigan,Lung and Bronchus,55.7,5795,10051137
2005,Minnesota,Lung and Bronchus,44.7,2282,5119598
2005,Mississippi,Lung and Bronchus,65.1,1887,2876229
2005,Missouri,Lung and Bronchus,62.1,3887,5790300
2005,Montana,Lung and Bronchus,52.5,550,940102
2005,Nebraska,Lung and Bronchus,48.4,905,1761497
2005,Nevada,Lung and Bronchus,58.1,1290,2432143
2005,New Hampshire,Lung and Bronchus,54.5,733,1298492
2005,New Jersey,Lung and Bronchus,48.3,4452,8651974
2005,New Mexico,Lung and Bronchus,36.4,705,1932274
2005,New York,Lung and Bronchus,45.8,9307,19132610
2005,North Carolina,Lung and Bronchus,59.6,5258,8705407
2005,North Dakota,Lung and Bronchus,42.3,310,646089
2005,Ohio,Lung and Bronchus,59.3,7388,11463320
2005,Oklahoma,Lung and Bronchus,62.5,2375,3548597
2005,Oregon,Lung and Bronchus,54.3,2105,3613202
2005,Pennsylvania,Lung and Bronchus,54.1,8155,12449990
2005,Rhode Island,Lung and Bronchus,50.8,610,1067916
2005,South Carolina,Lung and Bronchus,61.1,2712,4270150
2005,South Dakota,Lung and Bronchus,53.4,469,775493
2005,Tennessee,Lung and Bronchus,69.8,4370,5991057
2005,Texas,Lung and Bronchus,51,9684,22773020
2005,United States,Lung and Bronchus,52.9,159217,295516599
2005,Utah,Lung and Bronchus,24.4,433,2457719
2005,Vermont,Lung and Bronchus,49.5,336,621215
2005,Virginia,Lung and Bronchus,57,4151,7577105
2005,Washington,Lung and Bronchus,51.9,3127,6257305
2005,West Virginia,Lung and Bronchus,66.1,1494,1820492
2005,Wisconsin,Lung and Bronchus,48.3,2857,5546166
2005,Wyoming,Lung and Bronchus,47.8,251,514157
2006,Alabama,Lung and Bronchus,60.2,3021,4628981
2006,Alaska,Lung and Bronchus,47.4,206,675302
2006,Arizona,Lung and Bronchus,43.7,2741,6029141
2006,Arkansas,Lung and Bronchus,65.1,2066,2821761
2006,California,Lung and Bronchus,40.9,13199,36021202
2006,Colorado,Lung and Bronchus,38.2,1558,4720423
2006,Connecticut,Lung and Bronchus,46.5,1834,3517460
2006,Delaware,Lung and Bronchus,59.1,557,859268
2006,District of Columbia,Lung and Bronchus,49.2,271,570681
2006,Florida,Lung and Bronchus,51.4,12018,18166990
2006,Georgia,Lung and Bronchus,56.7,4456,9155813
2006,Hawaii,Lung and Bronchus,38.9,565,1309731
2006,Idaho,Lung and Bronchus,41.9,589,1468669
2006,Illinois,Lung and Bronchus,52.8,6671,12643955
2006,Indiana,Lung and Bronchus,61.7,4000,6332669
2006,Iowa,Lung and Bronchus,49,1714,2982644
2006,Kansas,Lung and Bronchus,54.4,1584,2762931
2006,Kentucky,Lung and Bronchus,74.5,3325,4219239
2006,Louisiana,Lung and Bronchus,61.5,2654,4302665
2006,Maine,Lung and Bronchus,60.8,971,1323619
2006,Maryland,Lung and Bronchus,53,2902,5627367
2006,Massachusetts,Lung and Bronchus,52.9,3722,6410084
2006,Michigan,Lung and Bronchus,55.3,5817,10036081
2006,Minnesota,Lung and Bronchus,44.9,2353,5163555
2006,Mississippi,Lung and Bronchus,67.8,2004,2904978
2006,Missouri,Lung and Bronchus,61.7,3933,5842704
2006,Montana,Lung and Bronchus,47.8,521,952692
2006,Nebraska,Lung and Bronchus,47.5,904,1772693
2006,Nevada,Lung and Bronchus,56.2,1307,2522658
2006,New Hampshire,Lung and Bronchus,51.9,709,1308389
2006,New Jersey,Lung and Bronchus,47.3,4403,8661679
2006,New Mexico,Lung and Bronchus,34.8,694,1962137
2006,New York,Lung and Bronchus,44.8,9176,19104631
2006,North Carolina,Lung and Bronchus,59,5373,8917270
2006,North Dakota,Lung and Bronchus,47.4,353,649422
2006,Ohio,Lung and Bronchus,59.2,7455,11481213
2006,Oklahoma,Lung and Bronchus,63.1,2440,3594090
2006,Oregon,Lung and Bronchus,53.2,2117,3670883
2006,Pennsylvania,Lung and Bronchus,52.4,7960,12510809
2006,Rhode Island,Lung and Bronchus,49.4,601,1063096
2006,South Carolina,Lung and Bronchus,58.7,2712,4357847
2006,South Dakota,Lung and Bronchus,48.8,437,783033
2006,Tennessee,Lung and Bronchus,67.8,4370,6088766
2006,Texas,Lung and Bronchus,49.5,9723,23359580
2006,United States,Lung and Bronchus,51.7,158599,298379912
2006,Utah,Lung and Bronchus,24,445,2525507
2006,Vermont,Lung and Bronchus,50.1,348,622892
2006,Virginia,Lung and Bronchus,54.7,4064,7673725
2006,Washington,Lung and Bronchus,49.8,3083,6370753
2006,West Virginia,Lung and Bronchus,69.4,1587,1827912
2006,Wisconsin,Lung and Bronchus,47.8,2852,5577655
2006,Wyoming,Lung and Bronchus,44.6,234,522667
2007,Alabama,Lung and Bronchus,61.5,3157,4672840
2007,Alaska,Lung and Bronchus,56.8,253,680300
2007,Arizona,Lung and Bronchus,40.6,2616,6167681
2007,Arkansas,Lung and Bronchus,63.2,2033,2848650
2007,California,Lung and Bronchus,39.9,13165,36250311
2007,Colorado,Lung and Bronchus,37.6,1586,4803868
2007,Connecticut,Lung and Bronchus,44.9,1800,3527270
2007,Delaware,Lung and Bronchus,56.6,549,871749
2007,District of Columbia,Lung and Bronchus,49.6,270,574404
2007,Florida,Lung and Bronchus,49.1,11720,18367842
2007,Georgia,Lung and Bronchus,55.5,4470,9349988
2007,Hawaii,Lung and Bronchus,36.3,545,1315675
2007,Idaho,Lung and Bronchus,41.4,600,1505105
2007,Illinois,Lung and Bronchus,54,6902,12695866
2007,Indiana,Lung and Bronchus,61,4017,6379599
2007,Iowa,Lung and Bronchus,51.8,1834,2999212
2007,Kansas,Lung and Bronchus,50.9,1510,2783785
2007,Kentucky,Lung and Bronchus,74.5,3401,4256672
2007,Louisiana,Lung and Bronchus,59.4,2628,4375581
2007,Maine,Lung and Bronchus,55.6,913,1327040
2007,Maryland,Lung and Bronchus,50.4,2812,5653408
2007,Massachusetts,Lung and Bronchus,50.7,3609,6431559
2007,Michigan,Lung and Bronchus,55.1,5914,10001284
2007,Minnesota,Lung and Bronchus,45.2,2418,5207203
2007,Mississippi,Lung and Bronchus,64.5,1924,2928350
2007,Missouri,Lung and Bronchus,59.7,3864,5887612
2007,Montana,Lung and Bronchus,50.8,567,964706
2007,Nebraska,Lung and Bronchus,48.6,938,1783440
2007,Nevada,Lung and Bronchus,53.7,1292,2601072
2007,New Hampshire,Lung and Bronchus,53.2,747,1312540
2007,New Jersey,Lung and Bronchus,46.9,4422,8677885
2007,New Mexico,Lung and Bronchus,37.7,772,1990070
2007,New York,Lung and Bronchus,45,9349,19132335
2007,North Carolina,Lung and Bronchus,56.8,5349,9118037
2007,North Dakota,Lung and Bronchus,40.1,302,652822
2007,Ohio,Lung and Bronchus,58.4,7465,11500468
2007,Oklahoma,Lung and Bronchus,63.5,2489,3634349
2007,Oregon,Lung and Bronchus,49.7,2033,3722417
2007,Pennsylvania,Lung and Bronchus,51.4,7944,12563937
2007,Rhode Island,Lung and Bronchus,54.2,665,1057315
2007,South Carolina,Lung and Bronchus,56.4,2698,4444110
2007,South Dakota,Lung and Bronchus,47.2,424,791623
2007,Tennessee,Lung and Bronchus,65.8,4343,6175727
2007,Texas,Lung and Bronchus,47.7,9624,23831983
2007,United States,Lung and Bronchus,50.7,158683,301231207
2007,Utah,Lung and Bronchus,22.9,437,2597746
2007,Vermont,Lung and Bronchus,56.3,404,623481
2007,Virginia,Lung and Bronchus,53.3,4061,7751000
2007,Washington,Lung and Bronchus,50.1,3179,6461587
2007,West Virginia,Lung and Bronchus,64.9,1505,1834052
2007,Wisconsin,Lung and Bronchus,48.2,2915,5610775
2007,Wyoming,Lung and Bronchus,45.5,249,534876
2008,Alabama,Lung and Bronchus,58.8,3079,4718206
2008,Alaska,Lung and Bronchus,53.7,258,687455
2008,Arizona,Lung and Bronchus,40.2,2669,6280362
2008,Arkansas,Lung and Bronchus,67.5,2218,2874554
2008,California,Lung and Bronchus,38.6,13067,36604337
2008,Colorado,Lung and Bronchus,36.6,1600,4889730
2008,Connecticut,Lung and Bronchus,42.4,1744,3545579
2008,Delaware,Lung and Bronchus,57.3,571,883874
2008,District of Columbia,Lung and Bronchus,52.5,294,580236
2008,Florida,Lung and Bronchus,49.1,11963,18527305
2008,Georgia,Lung and Bronchus,51.8,4325,9504843
2008,Hawaii,Lung and Bronchus,36.4,555,1332213
2008,Idaho,Lung and Bronchus,41.9,631,1534320
2008,Illinois,Lung and Bronchus,52.2,6809,12747038
2008,Indiana,Lung and Bronchus,61.8,4170,6424806
2008,Iowa,Lung and Bronchus,50,1791,3016734
2008,Kansas,Lung and Bronchus,51.6,1556,2808076
2008,Kentucky,Lung and Bronchus,74.4,3478,4289878
2008,Louisiana,Lung and Bronchus,60.1,2707,4435586
2008,Maine,Lung and Bronchus,55.6,931,1330509
2008,Maryland,Lung and Bronchus,50.3,2872,5684965
2008,Massachusetts,Lung and Bronchus,49,3552,6468967
2008,Michigan,Lung and Bronchus,54,5898,9946889
2008,Minnesota,Lung and Bronchus,44.9,2432,5247018
2008,Mississippi,Lung and Bronchus,65.3,1995,2947806
2008,Missouri,Lung and Bronchus,59.7,3943,5923916
2008,Montana,Lung and Bronchus,47.4,541,976415
2008,Nebraska,Lung and Bronchus,45.1,884,1796378
2008,Nevada,Lung and Bronchus,53.4,1327,2653630
2008,New Hampshire,Lung and Bronchus,47.3,684,1315906
2008,New Jersey,Lung and Bronchus,44.8,4273,8711090
2008,New Mexico,Lung and Bronchus,36.6,767,2010662
2008,New York,Lung and Bronchus,43.8,9230,19212436
2008,North Carolina,Lung and Bronchus,55.2,5369,9309449
2008,North Dakota,Lung and Bronchus,44.3,338,657569
2008,Ohio,Lung and Bronchus,56.5,7345,11515391
2008,Oklahoma,Lung and Bronchus,59.6,2386,3668976
2008,Oregon,Lung and Bronchus,49.6,2079,3768748
2008,Pennsylvania,Lung and Bronchus,50.8,7950,12612285
2008,Rhode Island,Lung and Bronchus,55.8,692,1055003
2008,South Carolina,Lung and Bronchus,55.9,2759,4528996
2008,South Dakota,Lung and Bronchus,47.8,444,799124
2008,Tennessee,Lung and Bronchus,63.5,4296,6247411
2008,Texas,Lung and Bronchus,46.3,9647,24309039
2008,United States,Lung and Bronchus,49.6,158592,304093966
2008,Utah,Lung and Bronchus,18.8,371,2663029
2008,Vermont,Lung and Bronchus,52.4,380,624151
2008,Virginia,Lung and Bronchus,51.1,3969,7833496
2008,Washington,Lung and Bronchus,48.6,3150,6562231
2008,West Virginia,Lung and Bronchus,62.2,1468,1840310
2008,Wisconsin,Lung and Bronchus,46.9,2912,5640996
2008,Wyoming,Lung and Bronchus,41,223,546043
2009,Alabama,Lung and Bronchus,61.4,3287,4757938
2009,Alaska,Lung and Bronchus,56.5,266,698895
2009,Arizona,Lung and Bronchus,40,2725,6343154
2009,Arkansas,Lung and Bronchus,64.7,2151,2896843
2009,California,Lung and Bronchus,37.9,13119,36961229
2009,Colorado,Lung and Bronchus,36.4,1639,4972195
2009,Connecticut,Lung and Bronchus,43.1,1772,3561807
2009,Delaware,Lung and Bronchus,51.5,531,891730
2009,District of Columbia,Lung and Bronchus,41.4,236,592228
2009,Florida,Lung and Bronchus,47.8,11903,18652644
2009,Georgia,Lung and Bronchus,52,4505,9620846
2009,Hawaii,Lung and Bronchus,34.6,544,1346717
2009,Idaho,Lung and Bronchus,41.4,641,1554439
2009,Illinois,Lung and Bronchus,50.3,6646,12796778
2009,Indiana,Lung and Bronchus,59.4,4067,6459325
2009,Iowa,Lung and Bronchus,48.6,1758,3032870
2009,Kansas,Lung and Bronchus,51.4,1571,2832704
2009,Kentucky,Lung and Bronchus,68.8,3292,4317074
2009,Louisiana,Lung and Bronchus,58.6,2704,4491648
2009,Maine,Lung and Bronchus,53.7,912,1329590
2009,Maryland,Lung and Bronchus,48.6,2843,5730388
2009,Massachusetts,Lung and Bronchus,48.9,3574,6517613
2009,Michigan,Lung and Bronchus,54.2,6006,9901591
2009,Minnesota,Lung and Bronchus,43.1,2400,5281203
2009,Mississippi,Lung and Bronchus,62.4,1931,2958774
2009,Missouri,Lung and Bronchus,57.1,3845,5961088
2009,Montana,Lung and Bronchus,40.4,477,983982
2009,Nebraska,Lung and Bronchus,44.2,883,1812683
2009,Nevada,Lung and Bronchus,51.9,1329,2684665
2009,New Hampshire,Lung and Bronchus,50.9,747,1316102
2009,New Jersey,Lung and Bronchus,42.9,4161,8755602
2009,New Mexico,Lung and Bronchus,32.5,700,2036802
2009,New York,Lung and Bronchus,42.2,9005,19307066
2009,North Carolina,Lung and Bronchus,54,5395,9449566
2009,North Dakota,Lung and Bronchus,39.1,309,664968
2009,Ohio,Lung and Bronchus,56.7,7498,11528896
2009,Oklahoma,Lung and Bronchus,60.1,2444,3717572
2009,Oregon,Lung and Bronchus,48.4,2069,3808600
2009,Pennsylvania,Lung and Bronchus,49.2,7760,12666858
2009,Rhode Island,Lung and Bronchus,48.8,611,1053646
2009,South Carolina,Lung and Bronchus,54.8,2778,4589872
2009,South Dakota,Lung and Bronchus,41.2,386,807067
2009,Tennessee,Lung and Bronchus,63.5,4390,6306019
2009,Texas,Lung and Bronchus,44.8,9575,24801761
2009,United States,Lung and Bronchus,48.4,158081,306771529
2009,Utah,Lung and Bronchus,21,424,2723421
2009,Vermont,Lung and Bronchus,50.2,374,624817
2009,Virginia,Lung and Bronchus,49.8,4002,7925937
2009,Washington,Lung and Bronchus,47.5,3212,6667426
2009,West Virginia,Lung and Bronchus,65.2,1560,1847775
2009,Wisconsin,Lung and Bronchus,45.5,2884,5669264
2009,Wyoming,Lung and Bronchus,41.7,240,559851
2010,Alabama,Lung and Bronchus,59.7,3236,4785437
2010,Alaska,Lung and Bronchus,49.8,241,713910
2010,Arizona,Lung and Bronchus,38.7,2722,6407172
2010,Arkansas,Lung and Bronchus,62.6,2127,2921964
2010,California,Lung and Bronchus,36.4,12960,37319502
2010,Colorado,Lung and Bronchus,35.1,1635,5047349
2010,Connecticut,Lung and Bronchus,44.2,1855,3579114
2010,Delaware,Lung and Bronchus,57.8,603,899593
2010,District of Columbia,Lung and Bronchus,38.6,226,605226
2010,Florida,Lung and Bronchus,47,12009,18845537
2010,Georgia,Lung and Bronchus,49.2,4418,9711881
2010,Hawaii,Lung and Bronchus,34.1,548,1363963
2010,Idaho,Lung and Bronchus,38.6,612,1570746
2010,Illinois,Lung and Bronchus,49.9,6671,12840503
2010,Indiana,Lung and Bronchus,58.5,4096,6490432
2010,Iowa,Lung and Bronchus,47.5,1741,3050745
2010,Kansas,Lung and Bronchus,47.9,1502,2858190
2010,Kentucky,Lung and Bronchus,73.9,3570,4348181
2010,Louisiana,Lung and Bronchus,57.7,2724,4544532
2010,Maine,Lung and Bronchus,55.1,957,1327629
2010,Maryland,Lung and Bronchus,45.9,2745,5788645
2010,Massachusetts,Lung and Bronchus,47.1,3552,6566307
2010,Michigan,Lung and Bronchus,52.2,5913,9877510
2010,Minnesota,Lung and Bronchus,41.5,2370,5310828
2010,Mississippi,Lung and Bronchus,61.7,1958,2970548
2010,Missouri,Lung and Bronchus,57.2,3909,5995974
2010,Montana,Lung and Bronchus,39.6,478,990697
2010,Nebraska,Lung and Bronchus,45.9,929,1829542
2010,Nevada,Lung and Bronchus,47.3,1251,2702405
2010,New Hampshire,Lung and Bronchus,46.4,695,1316762
2010,New Jersey,Lung and Bronchus,42.2,4171,8799446
2010,New Mexico,Lung and Bronchus,34.2,756,2064552
2010,New York,Lung and Bronchus,42.1,9112,19399878
2010,North Carolina,Lung and Bronchus,53.7,5514,9574323
2010,North Dakota,Lung and Bronchus,37.4,298,674715
2010,Ohio,Lung and Bronchus,54.7,7345,11539336
2010,Oklahoma,Lung and Bronchus,57.9,2402,3759944
2010,Oregon,Lung and Bronchus,47.2,2066,3837491
2010,Pennsylvania,Lung and Bronchus,48.9,7793,12711160
2010,Rhode Island,Lung and Bronchus,48.9,614,1053959
2010,South Carolina,Lung and Bronchus,52.5,2723,4635649
2010,South Dakota,Lung and Bronchus,45.4,433,816166
2010,Tennessee,Lung and Bronchus,62.4,4415,6355311
2010,Texas,Lung and Bronchus,43.3,9519,25241971
2010,United States,Lung and Bronchus,47.4,158248,309321666
2010,Utah,Lung and Bronchus,21.5,459,2775332
2010,Vermont,Lung and Bronchus,53.8,405,625879
2010,Virginia,Lung and Bronchus,48.5,3974,8023699
2010,Washington,Lung and Bronchus,46.8,3236,6742830
2010,West Virginia,Lung and Bronchus,64.7,1555,1854239
2010,Wisconsin,Lung and Bronchus,46.2,2971,5690475
2010,Wyoming,Lung and Bronchus,39.4,234,564487
2011,Alabama,Lung and Bronchus,56.9,3164,4799069
2011,Alaska,Lung and Bronchus,50.4,265,722128
2011,Arizona,Lung and Bronchus,36.7,2665,6472643
2011,Arkansas,Lung and Bronchus,61.2,2112,2940667
2011,California,Lung and Bronchus,34.9,12742,37638369
2011,Colorado,Lung and Bronchus,32.9,1590,5121108
2011,Connecticut,Lung and Bronchus,40.5,1734,3588283
2011,Delaware,Lung and Bronchus,52.2,558,907381
2011,District of Columbia,Lung and Bronchus,40.3,236,619800
2011,Florida,Lung and Bronchus,45.1,11818,19053237
2011,Georgia,Lung and Bronchus,48.6,4472,9802431
2011,Hawaii,Lung and Bronchus,33,543,1379329
2011,Idaho,Lung and Bronchus,37.7,619,1583910
2011,Illinois,Lung and Bronchus,48.5,6616,12867454
2011,Indiana,Lung and Bronchus,54.5,3883,6516528
2011,Iowa,Lung and Bronchus,46.7,1730,3066336
2011,Kansas,Lung and Bronchus,47.4,1508,2869225
2011,Kentucky,Lung and Bronchus,69.1,3389,4369821
2011,Louisiana,Lung and Bronchus,56.5,2707,4575625
2011,Maine,Lung and Bronchus,51.8,920,1328284
2011,Maryland,Lung and Bronchus,43.9,2690,5839419
2011,Massachusetts,Lung and Bronchus,44.8,3414,6613583
2011,Michigan,Lung and Bronchus,51.1,5868,9882412
2011,Minnesota,Lung and Bronchus,39.8,2320,5346143
2011,Mississippi,Lung and Bronchus,59.3,1928,2978731
2011,Missouri,Lung and Bronchus,55.1,3833,6010275
2011,Montana,Lung and Bronchus,47.7,584,997316
2011,Nebraska,Lung and Bronchus,42.5,866,1840672
2011,Nevada,Lung and Bronchus,48.8,1321,2712730
2011,New Hampshire,Lung and Bronchus,51.7,798,1320202
2011,New Jersey,Lung and Bronchus,41.3,4119,8828117
2011,New Mexico,Lung and Bronchus,30.8,703,2080450
2011,New York,Lung and Bronchus,41,9059,19499241
2011,North Carolina,Lung and Bronchus,52.5,5535,9657592
2011,North Dakota,Lung and Bronchus,41.1,331,685225
2011,Ohio,Lung and Bronchus,54.5,7402,11544663
2011,Oklahoma,Lung and Bronchus,59.4,2501,3788379
2011,Oregon,Lung and Bronchus,46.1,2063,3872036
2011,Pennsylvania,Lung and Bronchus,47.5,7690,12745815
2011,Rhode Island,Lung and Bronchus,48,599,1053649
2011,South Carolina,Lung and Bronchus,51.8,2783,4671994
2011,South Dakota,Lung and Bronchus,47.3,457,823579
2011,Tennessee,Lung and Bronchus,59.4,4321,6399291
2011,Texas,Lung and Bronchus,42.7,9705,25645629
2011,United States,Lung and Bronchus,46,156953,311556874
2011,Utah,Lung and Bronchus,20.2,440,2814384
2011,Vermont,Lung and Bronchus,49,376,627049
2011,Virginia,Lung and Bronchus,47.5,4000,8101155
2011,Washington,Lung and Bronchus,44.1,3130,6826627
2011,West Virginia,Lung and Bronchus,61.9,1502,1856301
2011,Wisconsin,Lung and Bronchus,47.4,3118,5705288
2011,Wyoming,Lung and Bronchus,38.3,226,567299
2012,Alabama,Lung and Bronchus,54.2,3065,4815588
2012,Alaska,Lung and Bronchus,51.3,260,730443
2012,Arizona,Lung and Bronchus,37.1,2803,6554978
2012,Arkansas,Lung and Bronchus,60.7,2130,2952164
2012,California,Lung and Bronchus,33.4,12501,37948800
2012,Colorado,Lung and Bronchus,31.8,1590,5192647
2012,Connecticut,Lung and Bronchus,37.4,1651,3594547
2012,Delaware,Lung and Bronchus,52.3,580,915179
2012,District of Columbia,Lung and Bronchus,39.7,241,634924
2012,Florida,Lung and Bronchus,44.4,11981,19297822
2012,Georgia,Lung and Bronchus,49,4640,9901430
2012,Hawaii,Lung and Bronchus,29,495,1394804
2012,Idaho,Lung and Bronchus,36.6,620,1595324
2012,Illinois,Lung and Bronchus,47.8,6678,12882510
2012,Indiana,Lung and Bronchus,54.9,3975,6537703
2012,Iowa,Lung and Bronchus,46.3,1749,3076190
2012,Kansas,Lung and Bronchus,46.4,1502,2885257
2012,Kentucky,Lung and Bronchus,68.8,3479,4386346
2012,Louisiana,Lung and Bronchus,55.5,2740,4600972
2012,Maine,Lung and Bronchus,53.1,958,1327729
2012,Maryland,Lung and Bronchus,43.7,2744,5886992
2012,Massachusetts,Lung and Bronchus,44.4,3458,6663005
2012,Michigan,Lung and Bronchus,49.6,5847,9897145
2012,Minnesota,Lung and Bronchus,39.2,2333,5376643
2012,Mississippi,Lung and Bronchus,58.2,1907,2983816
2012,Missouri,Lung and Bronchus,55.9,3992,6024367
2012,Montana,Lung and Bronchus,39.3,495,1003783
2012,Nebraska,Lung and Bronchus,43.3,905,1853303
2012,Nevada,Lung and Bronchus,46.2,1313,2743996
2012,New Hampshire,Lung and Bronchus,46.9,750,1324232
2012,New Jersey,Lung and Bronchus,39.4,4041,8844942
2012,New Mexico,Lung and Bronchus,32.7,764,2087309
2012,New York,Lung and Bronchus,41.1,9206,19572932
2012,North Carolina,Lung and Bronchus,50,5458,9749476
2012,North Dakota,Lung and Bronchus,42.6,348,701176
2012,Ohio,Lung and Bronchus,54.2,7525,11548923
2012,Oklahoma,Lung and Bronchus,55.4,2380,3818814
2012,Oregon,Lung and Bronchus,45.6,2104,3899001
2012,Pennsylvania,Lung and Bronchus,46.8,7712,12767118
2012,Rhode Island,Lung and Bronchus,48.1,628,1054621
2012,South Carolina,Lung and Bronchus,51.8,2865,4717354
2012,South Dakota,Lung and Bronchus,43.9,435,833566
2012,Tennessee,Lung and Bronchus,58.7,4359,6453898
2012,Texas,Lung and Bronchus,41.1,9665,26084481
2012,United States,Lung and Bronchus,45,157423,313830990
2012,Utah,Lung and Bronchus,20.5,453,2853375
2012,Vermont,Lung and Bronchus,42.6,345,626090
2012,Virginia,Lung and Bronchus,46.1,3998,8185080
2012,Washington,Lung and Bronchus,42.6,3112,6897058
2012,West Virginia,Lung and Bronchus,59.6,1483,1856872
2012,Wisconsin,Lung and Bronchus,43.5,2930,5719960
2012,Wyoming,Lung and Bronchus,37.8,230,576305
2013,Alabama,Lung and Bronchus,54.8,3164,4830081
2013,Alaska,Lung and Bronchus,47.4,273,737068
2013,Arizona,Lung and Bronchus,35.6,2783,6632764
2013,Arkansas,Lung and Bronchus,60.5,2168,2959400
2013,California,Lung and Bronchus,32.3,12464,38260787
2013,Colorado,Lung and Bronchus,30.1,1561,5269035
2013,Connecticut,Lung and Bronchus,37.5,1667,3594841
2013,Delaware,Lung and Bronchus,47.7,552,923576
2013,District of Columbia,Lung and Bronchus,42.1,259,650581
2013,Florida,Lung and Bronchus,42.8,11915,19545621
2013,Georgia,Lung and Bronchus,46.5,4594,9972479
2013,Hawaii,Lung and Bronchus,32.1,556,1408243
2013,Idaho,Lung and Bronchus,36.4,628,1611206
2013,Illinois,Lung and Bronchus,45.8,6532,12895129
2013,Indiana,Lung and Bronchus,54.4,4025,6568713
2013,Iowa,Lung and Bronchus,46.9,1802,3092997
2013,Kansas,Lung and Bronchus,44.3,1446,2893212
2013,Kentucky,Lung and Bronchus,69.5,3559,4404659
2013,Louisiana,Lung and Bronchus,53.7,2716,4624527
2013,Maine,Lung and Bronchus,55.2,1025,1328009
2013,Maryland,Lung and Bronchus,41.2,2672,5923188
2013,Massachusetts,Lung and Bronchus,41.6,3332,6713315
2013,Michigan,Lung and Bronchus,47.9,5758,9913065
2013,Minnesota,Lung and Bronchus,39.1,2391,5413479
2013,Mississippi,Lung and Bronchus,58.8,1975,2988711
2013,Missouri,Lung and Bronchus,54.8,4000,6040715
2013,Montana,Lung and Bronchus,37.9,490,1013569
2013,Nebraska,Lung and Bronchus,42.9,913,1865279
2013,Nevada,Lung and Bronchus,45.7,1335,2775970
2013,New Hampshire,Lung and Bronchus,42.1,691,1326622
2013,New Jersey,Lung and Bronchus,38.5,4006,8856972
2013,New Mexico,Lung and Bronchus,30.6,736,2092273
2013,New York,Lung and Bronchus,39.5,9074,19624447
2013,North Carolina,Lung and Bronchus,49.3,5510,9843336
2013,North Dakota,Lung and Bronchus,41.1,344,722036
2013,Ohio,Lung and Bronchus,51.4,7258,11576684
2013,Oklahoma,Lung and Bronchus,56.9,2490,3853214
2013,Oregon,Lung and Bronchus,42.5,2008,3922468
2013,Pennsylvania,Lung and Bronchus,45.1,7536,12776309
2013,Rhode Island,Lung and Bronchus,50.4,665,1055081
2013,South Carolina,Lung and Bronchus,49.4,2833,4764080
2013,South Dakota,Lung and Bronchus,41.5,415,842316
2013,Tennessee,Lung and Bronchus,56.5,4315,6494340
2013,Texas,Lung and Bronchus,39,9439,26480266
2013,United States,Lung and Bronchus,43.5,156176,315993715
2013,Utah,Lung and Bronchus,18.8,437,2897640
2013,Vermont,Lung and Bronchus,42.7,351,626210
2013,Virginia,Lung and Bronchus,43.4,3894,8252427
2013,Washington,Lung and Bronchus,40.1,3020,6963985
2013,West Virginia,Lung and Bronchus,56.9,1437,1853914
2013,Wisconsin,Lung and Bronchus,42.7,2932,5736754
2013,Wyoming,Lung and Bronchus,36.1,230,582122
2014,Alabama,Lung and Bronchus,52.7,3117,4841799
2014,Alaska,Lung and Bronchus,40.3,237,736283
2014,Arizona,Lung and Bronchus,33.4,2707,6730413
2014,Arkansas,Lung and Bronchus,56.1,2054,2967392
2014,California,Lung and Bronchus,31,12284,38596972
2014,Colorado,Lung and Bronchus,29.3,1581,5350101
2014,Connecticut,Lung and Bronchus,36.4,1654,3594524
2014,Delaware,Lung and Bronchus,46,549,932487
2014,District of Columbia,Lung and Bronchus,38.6,244,662328
2014,Florida,Lung and Bronchus,41,11756,19845911
2014,Georgia,Lung and Bronchus,45.5,4616,10067278
2014,Hawaii,Lung and Bronchus,31.6,565,1414538
2014,Idaho,Lung and Bronchus,36.5,659,1631112
2014,Illinois,Lung and Bronchus,45.8,6650,12884493
2014,Indiana,Lung and Bronchus,53.4,4048,6593644
2014,Iowa,Lung and Bronchus,43,1675,3109350
2014,Kansas,Lung and Bronchus,47.4,1578,2900475
2014,Kentucky,Lung and Bronchus,67.1,3530,4414349
2014,Louisiana,Lung and Bronchus,52,2686,4644013
2014,Maine,Lung and Bronchus,47.7,917,1330513
2014,Maryland,Lung and Bronchus,41.6,2750,5957283
2014,Massachusetts,Lung and Bronchus,40.5,3302,6762596
2014,Michigan,Lung and Bronchus,48.4,5942,9929848
2014,Minnesota,Lung and Bronchus,39.4,2481,5451079
2014,Mississippi,Lung and Bronchus,56.7,1944,2990468
2014,Missouri,Lung and Bronchus,53.7,3984,6056202
2014,Montana,Lung and Bronchus,42.6,559,1021869
2014,Nebraska,Lung and Bronchus,41.4,886,1879321
2014,Nevada,Lung and Bronchus,45.9,1408,2817628
2014,New Hampshire,Lung and Bronchus,44.1,744,1333341
2014,New Jersey,Lung and Bronchus,37.3,3956,8864525
2014,New Mexico,Lung and Bronchus,29.9,736,2089568
2014,New York,Lung and Bronchus,36.6,8563,19651049
2014,North Carolina,Lung and Bronchus,48.5,5606,9932887
2014,North Dakota,Lung and Bronchus,38.9,326,737401
2014,Ohio,Lung and Bronchus,49.7,7156,11602700
2014,Oklahoma,Lung and Bronchus,53.1,2373,3878187
2014,Oregon,Lung and Bronchus,40.5,1980,3963244
2014,Pennsylvania,Lung and Bronchus,43.8,7426,12788313
2014,Rhode Island,Lung and Bronchus,47.7,631,1055936
2014,South Carolina,Lung and Bronchus,46.6,2773,4823617
2014,South Dakota,Lung and Bronchus,43.3,446,849129
2014,Tennessee,Lung and Bronchus,56.7,4434,6541223
2014,Texas,Lung and Bronchus,38.2,9558,26964333
2014,United States,Lung and Bronchus,42.2,155526,318301008
2014,Utah,Lung and Bronchus,19.2,452,2936879
2014,Vermont,Lung and Bronchus,48.7,397,625214
2014,Virginia,Lung and Bronchus,42.4,3900,8310993
2014,Washington,Lung and Bronchus,38.9,3036,7054655
2014,West Virginia,Lung and Bronchus,58.2,1496,1849489
2014,Wisconsin,Lung and Bronchus,42.4,2959,5751525
2014,Wyoming,Lung and Bronchus,32.3,215,582531
2015,Alabama,Lung and Bronchus,49.1,2980,4852347
2015,Alaska,Lung and Bronchus,42.1,259,737498
2015,Arizona,Lung and Bronchus,34.9,2932,6829676
2015,Arkansas,Lung and Bronchus,57.2,2124,2978048
2015,California,Lung and Bronchus,30.2,12381,38918045
2015,Colorado,Lung and Bronchus,27.9,1546,5450623
2015,Connecticut,Lung and Bronchus,34.3,1568,3587122
2015,Delaware,Lung and Bronchus,46.6,561,941252
2015,District of Columbia,Lung and Bronchus,31,204,675400
2015,Florida,Lung and Bronchus,40.3,11931,20209042
2015,Georgia,Lung and Bronchus,42.2,4448,10178447
2015,Hawaii,Lung and Bronchus,31.6,589,1422052
2015,Idaho,Lung and Bronchus,34.7,649,1651059
2015,Illinois,Lung and Bronchus,43.1,6406,12858913
2015,Indiana,Lung and Bronchus,50.2,3863,6608422
2015,Iowa,Lung and Bronchus,45.3,1790,3120960
2015,Kansas,Lung and Bronchus,44.5,1512,2909011
2015,Kentucky,Lung and Bronchus,64.3,3461,4425976
2015,Louisiana,Lung and Bronchus,50.4,2654,4664628
2015,Maine,Lung and Bronchus,50.4,978,1328262
2015,Maryland,Lung and Bronchus,37.8,2579,5985562
2015,Massachusetts,Lung and Bronchus,39,3238,6794228
2015,Michigan,Lung and Bronchus,45.9,5723,9931715
2015,Minnesota,Lung and Bronchus,37.1,2398,5482032
2015,Mississippi,Lung and Bronchus,54.9,1910,2988471
2015,Missouri,Lung and Bronchus,51.1,3870,6071732
2015,Montana,Lung and Bronchus,39.7,539,1030475
2015,Nebraska,Lung and Bronchus,41.5,913,1891277
2015,Nevada,Lung and Bronchus,42,1336,2866939
2015,New Hampshire,Lung and Bronchus,43.4,758,1336350
2015,New Jersey,Lung and Bronchus,34.9,3779,8867949
2015,New Mexico,Lung and Bronchus,29.6,744,2089291
2015,New York,Lung and Bronchus,35.8,8551,19654666
2015,North Carolina,Lung and Bronchus,45.8,5470,10031646
2015,North Dakota,Lung and Bronchus,34.5,291,754066
2015,Ohio,Lung and Bronchus,49,7193,11617527
2015,Oklahoma,Lung and Bronchus,54.1,2459,3909500
2015,Oregon,Lung and Bronchus,39,1958,4015792
2015,Pennsylvania,Lung and Bronchus,43.1,7408,12784826
2015,Rhode Island,Lung and Bronchus,47,640,1056065
2015,South Carolina,Lung and Bronchus,45.1,2775,4891938
2015,South Dakota,Lung and Bronchus,40.9,427,853988
2015,Tennessee,Lung and Bronchus,54.4,4355,6591170
2015,Texas,Lung and Bronchus,35.3,9155,27470056
2015,United States,Lung and Bronchus,40.7,153718,320635163
2015,Utah,Lung and Bronchus,19.2,471,2981835
2015,Vermont,Lung and Bronchus,41.8,352,625216
2015,Virginia,Lung and Bronchus,41.2,3900,8361808
2015,Washington,Lung and Bronchus,38.8,3116,7163657
2015,West Virginia,Lung and Bronchus,57.2,1492,1842050
2015,Wisconsin,Lung and Bronchus,40.2,2869,5760940
2015,Wyoming,Lung and Bronchus,32,213,585613
2016,Alabama,Lung and Bronchus,49.1,3009,4863525
2016,Alaska,Lung and Bronchus,38.7,230,741456
2016,Arizona,Lung and Bronchus,30.8,2702,6941072
2016,Arkansas,Lung and Bronchus,53.1,2006,2989918
2016,California,Lung and Bronchus,28,11739,39167117
2016,Colorado,Lung and Bronchus,27.9,1590,5539215
2016,Connecticut,Lung and Bronchus,33.7,1572,3578141
2016,Delaware,Lung and Bronchus,44,556,948921
2016,District of Columbia,Lung and Bronchus,27.6,186,685815
2016,Florida,Lung and Bronchus,36.5,11217,20613477
2016,Georgia,Lung and Bronchus,40.7,4400,10301890
2016,Hawaii,Lung and Bronchus,29,543,1427559
2016,Idaho,Lung and Bronchus,30.9,579,1682380
2016,Illinois,Lung and Bronchus,41.6,6242,12820527
2016,Indiana,Lung and Bronchus,49.2,3861,6634304
2016,Iowa,Lung and Bronchus,41.6,1668,3131371
2016,Kansas,Lung and Bronchus,39.2,1364,2910844
2016,Kentucky,Lung and Bronchus,61.2,3328,4438182
2016,Louisiana,Lung and Bronchus,46.3,2494,4678135
2016,Maine,Lung and Bronchus,46.4,914,1331317
2016,Maryland,Lung and Bronchus,37.7,2639,6003323
2016,Massachusetts,Lung and Bronchus,37.4,3169,6823608
2016,Michigan,Lung and Bronchus,43.5,5528,9950571
2016,Minnesota,Lung and Bronchus,35.2,2329,5522744
2016,Mississippi,Lung and Bronchus,53.8,1903,2987938
2016,Missouri,Lung and Bronchus,48,3706,6087135
2016,Montana,Lung and Bronchus,34.4,477,1040859
2016,Nebraska,Lung and Bronchus,37.6,856,1905616
2016,Nevada,Lung and Bronchus,38.5,1267,2917563
2016,New Hampshire,Lung and Bronchus,44.9,798,1342307
2016,New Jersey,Lung and Bronchus,33.8,3703,8870827
2016,New Mexico,Lung and Bronchus,27.2,701,2091630
2016,New York,Lung and Bronchus,33.5,8135,19633428
2016,North Carolina,Lung and Bronchus,45.4,5573,10154788
2016,North Dakota,Lung and Bronchus,34.6,304,754434
2016,Ohio,Lung and Bronchus,47.8,7105,11634370
2016,Oklahoma,Lung and Bronchus,49.7,2300,3926331
2016,Oregon,Lung and Bronchus,36.5,1891,4089976
2016,Pennsylvania,Lung and Bronchus,41.1,7173,12782275
2016,Rhode Island,Lung and Bronchus,41.6,570,1056770
2016,South Carolina,Lung and Bronchus,42.5,2704,4957968
2016,South Dakota,Lung and Bronchus,39.5,420,862996
2016,Tennessee,Lung and Bronchus,53.3,4337,6646010
2016,Texas,Lung and Bronchus,34.4,9193,27914410
2016,United States,Lung and Bronchus,38.5,148869,322941311
2016,Utah,Lung and Bronchus,18.4,468,3041868
2016,Vermont,Lung and Bronchus,41.6,366,623657
2016,Virginia,Lung and Bronchus,38.6,3759,8410106
2016,Washington,Lung and Bronchus,35.3,2911,7294771
2016,West Virginia,Lung and Bronchus,53,1392,1831023
2016,Wisconsin,Lung and Bronchus,38.2,2788,5772628
2016,Wyoming,Lung and Bronchus,30.3,204,584215
2017,Alabama,Lung and Bronchus,46.6,2946,4874486
2017,Alaska,Lung and Bronchus,31.3,203,739700
2017,Arizona,Lung and Bronchus,30.3,2768,7044008
2017,Arkansas,Lung and Bronchus,50.9,1954,3001345
2017,California,Lung and Bronchus,26.8,11555,39358497
2017,Colorado,Lung and Bronchus,24.8,1495,5611885
2017,Connecticut,Lung and Bronchus,31.7,1508,3573297
2017,Delaware,Lung and Bronchus,41.3,550,956823
2017,District of Columbia,Lung and Bronchus,30.3,202,694906
2017,Florida,Lung and Bronchus,35.9,11403,20963613
2017,Georgia,Lung and Bronchus,39,4392,10410330
2017,Hawaii,Lung and Bronchus,28.3,545,1424393
2017,Idaho,Lung and Bronchus,30.2,607,1717715
2017,Illinois,Lung and Bronchus,39.1,6009,12778828
2017,Indiana,Lung and Bronchus,47.4,3792,6658078
2017,Iowa,Lung and Bronchus,39.5,1620,3141550
2017,Kansas,Lung and Bronchus,39.4,1390,2908718
2017,Kentucky,Lung and Bronchus,56.7,3152,4452268
2017,Louisiana,Lung and Bronchus,46.3,2559,4670560
2017,Maine,Lung and Bronchus,44.7,919,1334612
2017,Maryland,Lung and Bronchus,36.1,2575,6023868
2017,Massachusetts,Lung and Bronchus,35.4,3074,6859789
2017,Michigan,Lung and Bronchus,42.4,5502,9973114
2017,Minnesota,Lung and Bronchus,34.2,2316,5566230
2017,Mississippi,Lung and Bronchus,49.4,1804,2988510
2017,Missouri,Lung and Bronchus,46.7,3690,6106670
2017,Montana,Lung and Bronchus,32.6,465,1052482
2017,Nebraska,Lung and Bronchus,35.9,815,1915947
2017,Nevada,Lung and Bronchus,38.4,1312,2969905
2017,New Hampshire,Lung and Bronchus,38.7,700,1348787
2017,New Jersey,Lung and Bronchus,31.8,3562,8885525
2017,New Mexico,Lung and Bronchus,25.7,678,2091784
2017,New York,Lung and Bronchus,31.5,7821,19589572
2017,North Carolina,Lung and Bronchus,41.9,5286,10268233
2017,North Dakota,Lung and Bronchus,34.8,310,754942
2017,Ohio,Lung and Bronchus,44.7,6796,11659650
2017,Oklahoma,Lung and Bronchus,46.7,2210,3931316
2017,Oregon,Lung and Bronchus,35.1,1865,4143625
2017,Pennsylvania,Lung and Bronchus,38.7,6910,12787641
2017,Rhode Island,Lung and Bronchus,39.7,556,1055673
2017,South Carolina,Lung and Bronchus,41.1,2700,5021268
2017,South Dakota,Lung and Bronchus,38.7,422,872868
2017,Tennessee,Lung and Bronchus,47.5,4001,6708799
2017,Texas,Lung and Bronchus,33,9109,28295273
2017,United States,Lung and Bronchus,36.7,145849,324985539
2017,Utah,Lung and Bronchus,17.3,451,3101042
2017,Vermont,Lung and Bronchus,39.7,356,624344
2017,Virginia,Lung and Bronchus,36.8,3710,8463587
2017,Washington,Lung and Bronchus,34,2928,7423362
2017,West Virginia,Lung and Bronchus,49.4,1338,1817004
2017,Wisconsin,Lung and Bronchus,37.7,2802,5790186
2017,Wyoming,Lung and Bronchus,30.5,216,578931
2018,Alabama,Lung and Bronchus,45.6,2939,4887681
2018,Alaska,Lung and Bronchus,31.9,213,735139
2018,Arizona,Lung and Bronchus,27.9,2643,7158024
2018,Arkansas,Lung and Bronchus,47.3,1871,3009733
2018,California,Lung and Bronchus,25,11078,39461588
2018,Colorado,Lung and Bronchus,23.1,1407,5691287
2018,Connecticut,Lung and Bronchus,30,1465,3571520
2018,Delaware,Lung and Bronchus,38.9,529,965479
2018,District of Columbia,Lung and Bronchus,24.7,169,701547
2018,Florida,Lung and Bronchus,34.3,11288,21244317
2018,Georgia,Lung and Bronchus,37.8,4405,10511131
2018,Hawaii,Lung and Bronchus,26,517,1420593
2018,Idaho,Lung and Bronchus,30.5,633,1750536
2018,Illinois,Lung and Bronchus,36.6,5735,12723071
2018,Indiana,Lung and Bronchus,44,3652,6695497
2018,Iowa,Lung and Bronchus,37.8,1572,3148618
2018,Kansas,Lung and Bronchus,38.2,1384,2911359
2018,Kentucky,Lung and Bronchus,53.5,3065,4461153
2018,Louisiana,Lung and Bronchus,43.1,2454,4659690
2018,Maine,Lung and Bronchus,44.6,928,1339057
2018,Maryland,Lung and Bronchus,33.4,2468,6035802
2018,Massachusetts,Lung and Bronchus,33.8,2982,6882635
2018,Michigan,Lung and Bronchus,41,5457,9984072
2018,Minnesota,Lung and Bronchus,30.6,2137,5606249
2018,Mississippi,Lung and Bronchus,49.6,1838,2981020
2018,Missouri,Lung and Bronchus,44.3,3559,6121623
2018,Montana,Lung and Bronchus,31.6,470,1060665
2018,Nebraska,Lung and Bronchus,33.5,791,1925614
2018,Nevada,Lung and Bronchus,32.9,1191,3027341
2018,New Hampshire,Lung and Bronchus,35.8,684,1353465
2018,New Jersey,Lung and Bronchus,30.6,3488,8886025
2018,New Mexico,Lung and Bronchus,22.6,631,2092741
2018,New York,Lung and Bronchus,30.6,7732,19530351
2018,North Carolina,Lung and Bronchus,39.6,5189,10381615
2018,North Dakota,Lung and Bronchus,32.8,292,758080
2018,Ohio,Lung and Bronchus,42.9,6666,11676341
2018,Oklahoma,Lung and Bronchus,46.8,2274,3940235
2018,Oregon,Lung and Bronchus,32.9,1810,4181886
2018,Pennsylvania,Lung and Bronchus,37.4,6778,12800922
2018,Rhode Island,Lung and Bronchus,35.8,522,1058287
2018,South Carolina,Lung and Bronchus,38.9,2658,5084156
2018,South Dakota,Lung and Bronchus,35.2,395,878698
2018,Tennessee,Lung and Bronchus,45.4,3935,6771631
2018,Texas,Lung and Bronchus,30.6,8725,28628666
2018,United States,Lung and Bronchus,34.8,142080,326687501
2018,Utah,Lung and Bronchus,16.5,447,3153550
2018,Vermont,Lung and Bronchus,36.4,326,624358
2018,Virginia,Lung and Bronchus,35.4,3657,8501286
2018,Washington,Lung and Bronchus,31.2,2770,7523869
2018,West Virginia,Lung and Bronchus,50.5,1361,1804291
2018,Wisconsin,Lung and Bronchus,34.9,2681,5807406
2018,Wyoming,Lung and Bronchus,29.6,219,577601
