Year,Area,Cancer Type,Age-Adjusted Rate,Case Count,Population
1999,Alabama,Oral Cavity and Pharynx,10.8,490,4430141
1999,Alaska,Oral Cavity and Pharynx,13.3,55,624779
1999,Arizona,Oral Cavity and Pharynx,8.9,442,5023823
1999,Arkansas,Oral Cavity and Pharynx,Data Suppressed,Data Suppressed
1999,California,Oral Cavity and Pharynx,10.8,3189,33499204
1999,Colorado,Oral Cavity and Pharynx,7.9,289,4226018
1999,Connecticut,Oral Cavity and Pharynx,11,398,3386401
1999,Delaware,Oral Cavity and Pharynx,11.1,88,774990
1999,District of Columbia,Oral Cavity and Pharynx,14.4,80,570213
1999,Florida,Oral Cavity and Pharynx,14.1,2627,15759421
1999,Georgia,Oral Cavity and Pharynx,10.5,735,8045965
1999,Hawaii,Oral Cavity and Pharynx,11.2,139,1210300
1999,Idaho,Oral Cavity and Pharynx,10.3,122,1275674
1999,Illinois,Oral Cavity and Pharynx,11,1312,12359020
1999,Indiana,Oral Cavity and Pharynx,10.1,604,6044969
1999,Iowa,Oral Cavity and Pharynx,10.9,343,2917634
1999,Kansas,Oral Cavity and Pharynx,10.5,283,2678338
1999,Kentucky,Oral Cavity and Pharynx,11.4,460,4018053
1999,Louisiana,Oral Cavity and Pharynx,13.5,563,4460811
1999,Maine,Oral Cavity and Pharynx,11.3,159,1266808
1999,Maryland,Oral Cavity and Pharynx,11.2,567,5254509
1999,Massachusetts,Oral Cavity and Pharynx,11.6,757,6317345
1999,Michigan,Oral Cavity and Pharynx,11,1064,9897116
1999,Minnesota,Oral Cavity and Pharynx,10.8,504,4873481
1999,Mississippi,Oral Cavity and Pharynx,Data Suppressed,Data Suppressed
1999,Missouri,Oral Cavity and Pharynx,10.4,592,5561948
1999,Montana,Oral Cavity and Pharynx,10.1,96,897507
1999,Nebraska,Oral Cavity and Pharynx,10.8,187,1704764
1999,Nevada,Oral Cavity and Pharynx,10.2,186,1934718
1999,New Hampshire,Oral Cavity and Pharynx,11,133,1222014
1999,New Jersey,Oral Cavity and Pharynx,10.4,900,8359592
1999,New Mexico,Oral Cavity and Pharynx,9.1,154,1808082
1999,New York,Oral Cavity and Pharynx,10.1,1928,18882725
1999,North Carolina,Oral Cavity and Pharynx,10.7,838,7949361
1999,North Dakota,Oral Cavity and Pharynx,11.1,76,644259
1999,Ohio,Oral Cavity and Pharynx,9.3,1083,11335454
1999,Oklahoma,Oral Cavity and Pharynx,11.2,392,3437147
1999,Oregon,Oral Cavity and Pharynx,11.4,397,3393941
1999,Pennsylvania,Oral Cavity and Pharynx,10.2,1398,12263805
1999,Rhode Island,Oral Cavity and Pharynx,11,122,1040402
1999,South Carolina,Oral Cavity and Pharynx,13.5,531,3974682
1999,South Dakota,Oral Cavity and Pharynx,Data Suppressed,Data Suppressed
1999,Tennessee,Oral Cavity and Pharynx,9.3,530,5638706
1999,Texas,Oral Cavity and Pharynx,11.1,1928,20558220
1999,United States,Oral Cavity and Pharynx,10.9,29162,272809488
1999,Utah,Oral Cavity and Pharynx,7.6,123,2203482
1999,Vermont,Oral Cavity and Pharynx,10.4,65,604683
1999,Virginia,Oral Cavity and Pharynx,10.9,726,7000174
1999,Washington,Oral Cavity and Pharynx,10.3,568,5842564
1999,West Virginia,Oral Cavity and Pharynx,10.6,223,1811799
1999,Wisconsin,Oral Cavity and Pharynx,12.4,663,5332666
1999,Wyoming,Oral Cavity and Pharynx,11.3,53,491780
2000,Alabama,Oral Cavity and Pharynx,11.6,534,4452173
2000,Alaska,Oral Cavity and Pharynx,12.3,48,627963
2000,Arizona,Oral Cavity and Pharynx,10.2,523,5160586
2000,Arkansas,Oral Cavity and Pharynx,Data Suppressed,Data Suppressed
2000,California,Oral Cavity and Pharynx,10.6,3204,33987977
2000,Colorado,Oral Cavity and Pharynx,9.4,356,4326921
2000,Connecticut,Oral Cavity and Pharynx,10.1,364,3411777
2000,Delaware,Oral Cavity and Pharynx,10.1,82,786373
2000,District of Columbia,Oral Cavity and Pharynx,14.7,82,572046
2000,Florida,Oral Cavity and Pharynx,14.6,2759,16047515
2000,Georgia,Oral Cavity and Pharynx,12.2,878,8227303
2000,Hawaii,Oral Cavity and Pharynx,11.5,144,1213519
2000,Idaho,Oral Cavity and Pharynx,13,156,1299430
2000,Illinois,Oral Cavity and Pharynx,10.8,1294,12434161
2000,Indiana,Oral Cavity and Pharynx,10.6,636,6091866
2000,Iowa,Oral Cavity and Pharynx,11.3,360,2929067
2000,Kansas,Oral Cavity and Pharynx,10.8,292,2693681
2000,Kentucky,Oral Cavity and Pharynx,12.4,509,4049021
2000,Louisiana,Oral Cavity and Pharynx,11.3,480,4471885
2000,Maine,Oral Cavity and Pharynx,11.5,164,1277072
2000,Maryland,Oral Cavity and Pharynx,11.3,586,5311034
2000,Massachusetts,Oral Cavity and Pharynx,11.5,757,6361104
2000,Michigan,Oral Cavity and Pharynx,12,1188,9952450
2000,Minnesota,Oral Cavity and Pharynx,10.8,520,4933692
2000,Mississippi,Oral Cavity and Pharynx,Data Suppressed,Data Suppressed
2000,Missouri,Oral Cavity and Pharynx,9.8,573,5607285
2000,Montana,Oral Cavity and Pharynx,10.3,100,903773
2000,Nebraska,Oral Cavity and Pharynx,10.3,182,1713820
2000,Nevada,Oral Cavity and Pharynx,12,238,2018741
2000,New Hampshire,Oral Cavity and Pharynx,11.6,144,1239882
2000,New Jersey,Oral Cavity and Pharynx,10.2,888,8430621
2000,New Mexico,Oral Cavity and Pharynx,8.8,154,1821204
2000,New York,Oral Cavity and Pharynx,9.6,1846,19001780
2000,North Carolina,Oral Cavity and Pharynx,11.2,893,8081614
2000,North Dakota,Oral Cavity and Pharynx,10.4,75,642023
2000,Ohio,Oral Cavity and Pharynx,9.2,1085,11363543
2000,Oklahoma,Oral Cavity and Pharynx,10.9,384,3454365
2000,Oregon,Oral Cavity and Pharynx,11.1,392,3429708
2000,Pennsylvania,Oral Cavity and Pharynx,9.9,1374,12284173
2000,Rhode Island,Oral Cavity and Pharynx,10.6,118,1050268
2000,South Carolina,Oral Cavity and Pharynx,11.7,473,4024223
2000,South Dakota,Oral Cavity and Pharynx,Data Suppressed,Data Suppressed
2000,Tennessee,Oral Cavity and Pharynx,10.2,592,5703719
2000,Texas,Oral Cavity and Pharynx,10.8,1937,20944499
2000,United States,Oral Cavity and Pharynx,10.9,29672,275879626
2000,Utah,Oral Cavity and Pharynx,7.7,125,2244502
2000,Vermont,Oral Cavity and Pharynx,8.9,57,609618
2000,Virginia,Oral Cavity and Pharynx,9.6,659,7105817
2000,Washington,Oral Cavity and Pharynx,10.6,595,5910512
2000,West Virginia,Oral Cavity and Pharynx,11,228,1807021
2000,Wisconsin,Oral Cavity and Pharynx,10.8,588,5373999
2000,Wyoming,Oral Cavity and Pharynx,11.4,56,494300
2001,Alabama,Oral Cavity and Pharynx,12,561,4467634
2001,Alaska,Oral Cavity and Pharynx,10.9,52,633714
2001,Arizona,Oral Cavity and Pharynx,8.5,450,5273477
2001,Arkansas,Oral Cavity and Pharynx,10.3,294,2691571
2001,California,Oral Cavity and Pharynx,10.5,3238,34479458
2001,Colorado,Oral Cavity and Pharynx,9.1,351,4425687
2001,Connecticut,Oral Cavity and Pharynx,9.8,363,3432835
2001,Delaware,Oral Cavity and Pharynx,12.8,105,795699
2001,District of Columbia,Oral Cavity and Pharynx,11.8,66,574504
2001,Florida,Oral Cavity and Pharynx,14.2,2773,16356966
2001,Georgia,Oral Cavity and Pharynx,12,879,8377038
2001,Hawaii,Oral Cavity and Pharynx,10.2,131,1225948
2001,Idaho,Oral Cavity and Pharynx,11.6,142,1319962
2001,Illinois,Oral Cavity and Pharynx,10.4,1266,12488445
2001,Indiana,Oral Cavity and Pharynx,10.6,649,6127760
2001,Iowa,Oral Cavity and Pharynx,11.4,367,2931997
2001,Kansas,Oral Cavity and Pharynx,10,272,2702162
2001,Kentucky,Oral Cavity and Pharynx,11.3,468,4068132
2001,Louisiana,Oral Cavity and Pharynx,12.1,520,4477875
2001,Maine,Oral Cavity and Pharynx,13.5,195,1285692
2001,Maryland,Oral Cavity and Pharynx,10,527,5374691
2001,Massachusetts,Oral Cavity and Pharynx,10.6,712,6397634
2001,Michigan,Oral Cavity and Pharynx,10.9,1091,9991120
2001,Minnesota,Oral Cavity and Pharynx,10.7,522,4982796
2001,Mississippi,Oral Cavity and Pharynx,Data Suppressed,Data Suppressed
2001,Missouri,Oral Cavity and Pharynx,10.7,630,5641142
2001,Montana,Oral Cavity and Pharynx,11.2,111,906961
2001,Nebraska,Oral Cavity and Pharynx,12.3,216,1719836
2001,Nevada,Oral Cavity and Pharynx,12.2,250,2098399
2001,New Hampshire,Oral Cavity and Pharynx,10,129,1255517
2001,New Jersey,Oral Cavity and Pharynx,10,891,8492671
2001,New Mexico,Oral Cavity and Pharynx,10,179,1831690
2001,New York,Oral Cavity and Pharynx,9.8,1907,19082838
2001,North Carolina,Oral Cavity and Pharynx,10.9,887,8210122
2001,North Dakota,Oral Cavity and Pharynx,9.8,67,639062
2001,Ohio,Oral Cavity and Pharynx,9.3,1100,11387404
2001,Oklahoma,Oral Cavity and Pharynx,12.3,441,3467100
2001,Oregon,Oral Cavity and Pharynx,11.4,410,3467937
2001,Pennsylvania,Oral Cavity and Pharynx,10,1400,12298970
2001,Rhode Island,Oral Cavity and Pharynx,9.2,105,1057142
2001,South Carolina,Oral Cavity and Pharynx,12,494,4064995
2001,South Dakota,Oral Cavity and Pharynx,10.2,81,757972
2001,Tennessee,Oral Cavity and Pharynx,9.5,562,5750789
2001,Texas,Oral Cavity and Pharynx,11.2,2054,21319622
2001,United States,Oral Cavity and Pharynx,10.8,30347,282115961
2001,Utah,Oral Cavity and Pharynx,9,154,2283715
2001,Vermont,Oral Cavity and Pharynx,10.4,68,612223
2001,Virginia,Oral Cavity and Pharynx,9.8,691,7198362
2001,Washington,Oral Cavity and Pharynx,11.4,649,5985722
2001,West Virginia,Oral Cavity and Pharynx,9.9,209,1801481
2001,Wisconsin,Oral Cavity and Pharynx,11.3,628,5406835
2001,Wyoming,Oral Cavity and Pharynx,8,40,494657
2002,Alabama,Oral Cavity and Pharynx,11.9,565,4480089
2002,Alaska,Oral Cavity and Pharynx,9.9,50,642337
2002,Arizona,Oral Cavity and Pharynx,8.9,482,5396255
2002,Arkansas,Oral Cavity and Pharynx,11.5,333,2705927
2002,California,Oral Cavity and Pharynx,10.3,3252,34871843
2002,Colorado,Oral Cavity and Pharynx,9.7,391,4490406
2002,Connecticut,Oral Cavity and Pharynx,10.2,381,3458749
2002,Delaware,Oral Cavity and Pharynx,10.8,92,806169
2002,District of Columbia,Oral Cavity and Pharynx,14.1,80,573158
2002,Florida,Oral Cavity and Pharynx,13.7,2729,16689370
2002,Georgia,Oral Cavity and Pharynx,12.1,916,8508256
2002,Hawaii,Oral Cavity and Pharynx,11.5,152,1239613
2002,Idaho,Oral Cavity and Pharynx,10.4,131,1340372
2002,Illinois,Oral Cavity and Pharynx,11,1353,12525556
2002,Indiana,Oral Cavity and Pharynx,11.1,688,6155967
2002,Iowa,Oral Cavity and Pharynx,11.4,369,2934234
2002,Kansas,Oral Cavity and Pharynx,10.4,286,2713535
2002,Kentucky,Oral Cavity and Pharynx,12,509,4089875
2002,Louisiana,Oral Cavity and Pharynx,12.2,536,4497267
2002,Maine,Oral Cavity and Pharynx,12.5,186,1295960
2002,Maryland,Oral Cavity and Pharynx,10.1,550,5440389
2002,Massachusetts,Oral Cavity and Pharynx,11.3,762,6417206
2002,Michigan,Oral Cavity and Pharynx,11.7,1188,10015710
2002,Minnesota,Oral Cavity and Pharynx,11,550,5018935
2002,Mississippi,Oral Cavity and Pharynx,Data Suppressed,Data Suppressed
2002,Missouri,Oral Cavity and Pharynx,10.8,646,5674825
2002,Montana,Oral Cavity and Pharynx,12.2,121,911667
2002,Nebraska,Oral Cavity and Pharynx,11.3,202,1728292
2002,Nevada,Oral Cavity and Pharynx,10.7,232,2173791
2002,New Hampshire,Oral Cavity and Pharynx,10.9,143,1269089
2002,New Jersey,Oral Cavity and Pharynx,9.9,891,8552643
2002,New Mexico,Oral Cavity and Pharynx,10,184,1855309
2002,New York,Oral Cavity and Pharynx,10,1981,19137800
2002,North Carolina,Oral Cavity and Pharynx,10.7,900,8326201
2002,North Dakota,Oral Cavity and Pharynx,14,98,638168
2002,Ohio,Oral Cavity and Pharynx,9.1,1100,11407889
2002,Oklahoma,Oral Cavity and Pharynx,10.9,397,3489080
2002,Oregon,Oral Cavity and Pharynx,10.8,398,3513424
2002,Pennsylvania,Oral Cavity and Pharynx,10.2,1425,12331031
2002,Rhode Island,Oral Cavity and Pharynx,9.7,111,1065995
2002,South Carolina,Oral Cavity and Pharynx,12.8,544,4107795
2002,South Dakota,Oral Cavity and Pharynx,12.5,100,760020
2002,Tennessee,Oral Cavity and Pharynx,10,601,5795918
2002,Texas,Oral Cavity and Pharynx,10.9,2045,21690325
2002,United States,Oral Cavity and Pharynx,10.8,31090,284766512
2002,Utah,Oral Cavity and Pharynx,9.3,162,2324815
2002,Vermont,Oral Cavity and Pharynx,9.7,66,615442
2002,Virginia,Oral Cavity and Pharynx,9.8,703,7286873
2002,Washington,Oral Cavity and Pharynx,11.1,654,6052349
2002,West Virginia,Oral Cavity and Pharynx,10.6,224,1805414
2002,Wisconsin,Oral Cavity and Pharynx,10.4,584,5445162
2002,Wyoming,Oral Cavity and Pharynx,9.4,47,500017
2003,Alabama,Oral Cavity and Pharynx,11.9,570,4503491
2003,Alaska,Oral Cavity and Pharynx,11.2,53,648414
2003,Arizona,Oral Cavity and Pharynx,9.2,515,5510364
2003,Arkansas,Oral Cavity and Pharynx,11.4,335,2724816
2003,California,Oral Cavity and Pharynx,10.1,3289,35253159
2003,Colorado,Oral Cavity and Pharynx,8.8,363,4528732
2003,Connecticut,Oral Cavity and Pharynx,10.2,391,3484336
2003,Delaware,Oral Cavity and Pharynx,10.5,91,818003
2003,District of Columbia,Oral Cavity and Pharynx,14.9,84,568502
2003,Florida,Oral Cavity and Pharynx,14.2,2879,17004085
2003,Georgia,Oral Cavity and Pharynx,12.8,994,8622793
2003,Hawaii,Oral Cavity and Pharynx,10.8,145,1251154
2003,Idaho,Oral Cavity and Pharynx,11.3,148,1363380
2003,Illinois,Oral Cavity and Pharynx,10.7,1334,12556006
2003,Indiana,Oral Cavity and Pharynx,10.3,654,6196638
2003,Iowa,Oral Cavity and Pharynx,10.4,342,2941999
2003,Kansas,Oral Cavity and Pharynx,10.5,294,2723004
2003,Kentucky,Oral Cavity and Pharynx,11.9,514,4117170
2003,Louisiana,Oral Cavity and Pharynx,12,536,4521042
2003,Maine,Oral Cavity and Pharynx,12.8,195,1306513
2003,Maryland,Oral Cavity and Pharynx,11.7,651,5496269
2003,Massachusetts,Oral Cavity and Pharynx,11.4,782,6422565
2003,Michigan,Oral Cavity and Pharynx,11,1139,10041152
2003,Minnesota,Oral Cavity and Pharynx,9.9,505,5053572
2003,Mississippi,Oral Cavity and Pharynx,12.6,362,2868312
2003,Missouri,Oral Cavity and Pharynx,11.7,706,5709403
2003,Montana,Oral Cavity and Pharynx,9.9,101,919630
2003,Nebraska,Oral Cavity and Pharynx,10.2,184,1738643
2003,Nevada,Oral Cavity and Pharynx,11.1,252,2248850
2003,New Hampshire,Oral Cavity and Pharynx,12.6,169,1279840
2003,New Jersey,Oral Cavity and Pharynx,9.7,884,8601402
2003,New Mexico,Oral Cavity and Pharynx,8.8,166,1877574
2003,New York,Oral Cavity and Pharynx,9.7,1955,19175939
2003,North Carolina,Oral Cavity and Pharynx,11.5,996,8422501
2003,North Dakota,Oral Cavity and Pharynx,9.5,69,638817
2003,Ohio,Oral Cavity and Pharynx,9.7,1185,11434788
2003,Oklahoma,Oral Cavity and Pharynx,12.9,473,3504892
2003,Oregon,Oral Cavity and Pharynx,10.8,411,3547376
2003,Pennsylvania,Oral Cavity and Pharynx,10.4,1475,12374658
2003,Rhode Island,Oral Cavity and Pharynx,9.5,110,1071342
2003,South Carolina,Oral Cavity and Pharynx,10.6,462,4150297
2003,South Dakota,Oral Cavity and Pharynx,9.5,78,763729
2003,Tennessee,Oral Cavity and Pharynx,10.5,648,5847812
2003,Texas,Oral Cavity and Pharynx,11.1,2156,22030931
2003,United States,Oral Cavity and Pharynx,10.9,32194,290107933
2003,Utah,Oral Cavity and Pharynx,7.5,135,2360137
2003,Vermont,Oral Cavity and Pharynx,9.4,64,617858
2003,Virginia,Oral Cavity and Pharynx,10.4,760,7366977
2003,Washington,Oral Cavity and Pharynx,10.6,643,6104115
2003,West Virginia,Oral Cavity and Pharynx,11,240,1812295
2003,Wisconsin,Oral Cavity and Pharynx,11.5,657,5479203
2003,Wyoming,Oral Cavity and Pharynx,9.4,50,503453
2004,Alabama,Oral Cavity and Pharynx,11.9,579,4530729
2004,Alaska,Oral Cavity and Pharynx,11,58,659286
2004,Arizona,Oral Cavity and Pharynx,9.5,553,5652404
2004,Arkansas,Oral Cavity and Pharynx,11.1,332,2749686
2004,California,Oral Cavity and Pharynx,10.2,3386,35574576
2004,Colorado,Oral Cavity and Pharynx,9.3,391,4575013
2004,Connecticut,Oral Cavity and Pharynx,9.8,379,3496094
2004,Delaware,Oral Cavity and Pharynx,11.3,101,830803
2004,District of Columbia,Oral Cavity and Pharynx,12.2,69,567754
2004,Florida,Oral Cavity and Pharynx,13.4,2801,17415318
2004,Georgia,Oral Cavity and Pharynx,11.4,916,8769252
2004,Hawaii,Oral Cavity and Pharynx,11,150,1273569
2004,Idaho,Oral Cavity and Pharynx,10.8,149,1391802
2004,Illinois,Oral Cavity and Pharynx,11.3,1434,12589773
2004,Indiana,Oral Cavity and Pharynx,10.1,653,6233007
2004,Iowa,Oral Cavity and Pharynx,11.5,382,2953635
2004,Kansas,Oral Cavity and Pharynx,10.7,307,2734373
2004,Kentucky,Oral Cavity and Pharynx,11.9,520,4146101
2004,Louisiana,Oral Cavity and Pharynx,12.9,583,4552238
2004,Maine,Oral Cavity and Pharynx,12.2,188,1313688
2004,Maryland,Oral Cavity and Pharynx,9.3,528,5546935
2004,Massachusetts,Oral Cavity and Pharynx,10.8,747,6412281
2004,Michigan,Oral Cavity and Pharynx,10.4,1100,10055315
2004,Minnesota,Oral Cavity and Pharynx,11,569,5087713
2004,Mississippi,Oral Cavity and Pharynx,11.8,345,2889010
2004,Missouri,Oral Cavity and Pharynx,10.4,638,5747741
2004,Montana,Oral Cavity and Pharynx,11.3,120,930009
2004,Nebraska,Oral Cavity and Pharynx,10.3,188,1749370
2004,Nevada,Oral Cavity and Pharynx,10.3,237,2346222
2004,New Hampshire,Oral Cavity and Pharynx,10.1,141,1290121
2004,New Jersey,Oral Cavity and Pharynx,10.1,932,8634561
2004,New Mexico,Oral Cavity and Pharynx,10.1,196,1903808
2004,New York,Oral Cavity and Pharynx,10.1,2055,19171567
2004,North Carolina,Oral Cavity and Pharynx,12.1,1070,8553152
2004,North Dakota,Oral Cavity and Pharynx,10.9,78,644705
2004,Ohio,Oral Cavity and Pharynx,10,1239,11452251
2004,Oklahoma,Oral Cavity and Pharynx,11.6,436,3525233
2004,Oregon,Oral Cavity and Pharynx,10.9,427,3569463
2004,Pennsylvania,Oral Cavity and Pharynx,10,1435,12410722
2004,Rhode Island,Oral Cavity and Pharynx,10,116,1074579
2004,South Carolina,Oral Cavity and Pharynx,12.5,566,4210921
2004,South Dakota,Oral Cavity and Pharynx,11.7,98,770396
2004,Tennessee,Oral Cavity and Pharynx,10.7,675,5910809
2004,Texas,Oral Cavity and Pharynx,10.6,2120,22394023
2004,United States,Oral Cavity and Pharynx,10.8,32626,292805298
2004,Utah,Oral Cavity and Pharynx,8.7,158,2401580
2004,Vermont,Oral Cavity and Pharynx,11.2,78,619920
2004,Virginia,Oral Cavity and Pharynx,9.8,738,7475575
2004,Washington,Oral Cavity and Pharynx,11.8,730,6178645
2004,West Virginia,Oral Cavity and Pharynx,10.3,225,1816438
2004,Wisconsin,Oral Cavity and Pharynx,11,642,5514026
2004,Wyoming,Oral Cavity and Pharynx,13.1,68,509106
2005,Alabama,Oral Cavity and Pharynx,13.1,649,4565917
2005,Alaska,Oral Cavity and Pharynx,10.6,59,666946
2005,Arizona,Oral Cavity and Pharynx,9.6,579,5839077
2005,Arkansas,Oral Cavity and Pharynx,11.4,346,2781097
2005,California,Oral Cavity and Pharynx,10.3,3465,35827943
2005,Colorado,Oral Cavity and Pharynx,9.6,428,4631888
2005,Connecticut,Oral Cavity and Pharynx,10.3,406,3506956
2005,Delaware,Oral Cavity and Pharynx,11.8,112,845150
2005,District of Columbia,Oral Cavity and Pharynx,15.2,84,567136
2005,Florida,Oral Cavity and Pharynx,13.2,2845,17842038
2005,Georgia,Oral Cavity and Pharynx,11,913,8925922
2005,Hawaii,Oral Cavity and Pharynx,12,172,1292729
2005,Idaho,Oral Cavity and Pharynx,11.5,163,1428241
2005,Illinois,Oral Cavity and Pharynx,10.5,1344,12609903
2005,Indiana,Oral Cavity and Pharynx,10.7,700,6278616
2005,Iowa,Oral Cavity and Pharynx,11.8,398,2964454
2005,Kansas,Oral Cavity and Pharynx,10.3,296,2745299
2005,Kentucky,Oral Cavity and Pharynx,12.4,557,4182742
2005,Louisiana,Oral Cavity and Pharynx,11.3,513,4411396
2005,Maine,Oral Cavity and Pharynx,10.5,168,1318787
2005,Maryland,Oral Cavity and Pharynx,8.9,516,5592379
2005,Massachusetts,Oral Cavity and Pharynx,10.8,754,6403290
2005,Michigan,Oral Cavity and Pharynx,11.2,1187,10051137
2005,Minnesota,Oral Cavity and Pharynx,11,578,5119598
2005,Mississippi,Oral Cavity and Pharynx,12.7,374,2876229
2005,Missouri,Oral Cavity and Pharynx,11.5,725,5790300
2005,Montana,Oral Cavity and Pharynx,10.2,112,940102
2005,Nebraska,Oral Cavity and Pharynx,10.5,196,1761497
2005,Nevada,Oral Cavity and Pharynx,11.7,286,2432143
2005,New Hampshire,Oral Cavity and Pharynx,11.8,168,1298492
2005,New Jersey,Oral Cavity and Pharynx,9.6,894,8651974
2005,New Mexico,Oral Cavity and Pharynx,8.9,181,1932274
2005,New York,Oral Cavity and Pharynx,9.6,1980,19132610
2005,North Carolina,Oral Cavity and Pharynx,11.6,1056,8705407
2005,North Dakota,Oral Cavity and Pharynx,10.1,72,646089
2005,Ohio,Oral Cavity and Pharynx,10.2,1276,11463320
2005,Oklahoma,Oral Cavity and Pharynx,11.8,448,3548597
2005,Oregon,Oral Cavity and Pharynx,10,397,3613202
2005,Pennsylvania,Oral Cavity and Pharynx,10.3,1489,12449990
2005,Rhode Island,Oral Cavity and Pharynx,10.1,116,1067916
2005,South Carolina,Oral Cavity and Pharynx,13.1,594,4270150
2005,South Dakota,Oral Cavity and Pharynx,9.2,80,775493
2005,Tennessee,Oral Cavity and Pharynx,11.4,730,5991057
2005,Texas,Oral Cavity and Pharynx,10.3,2122,22773020
2005,United States,Oral Cavity and Pharynx,10.8,33209,295516599
2005,Utah,Oral Cavity and Pharynx,8.6,165,2457719
2005,Vermont,Oral Cavity and Pharynx,10.6,75,621215
2005,Virginia,Oral Cavity and Pharynx,10.3,796,7577105
2005,Washington,Oral Cavity and Pharynx,10.9,702,6257305
2005,West Virginia,Oral Cavity and Pharynx,11.5,255,1820492
2005,Wisconsin,Oral Cavity and Pharynx,10.7,638,5546166
2005,Wyoming,Oral Cavity and Pharynx,8.8,50,514157
2006,Alabama,Oral Cavity and Pharynx,14.1,717,4628981
2006,Alaska,Oral Cavity and Pharynx,11.3,60,675302
2006,Arizona,Oral Cavity and Pharynx,9,561,6029141
2006,Arkansas,Oral Cavity and Pharynx,11.3,356,2821761
2006,California,Oral Cavity and Pharynx,10.2,3522,36021202
2006,Colorado,Oral Cavity and Pharynx,9.6,437,4720423
2006,Connecticut,Oral Cavity and Pharynx,11,436,3517460
2006,Delaware,Oral Cavity and Pharynx,10,94,859268
2006,District of Columbia,Oral Cavity and Pharynx,16.2,91,570681
2006,Florida,Oral Cavity and Pharynx,13.7,3019,18166990
2006,Georgia,Oral Cavity and Pharynx,10.8,933,9155813
2006,Hawaii,Oral Cavity and Pharynx,12.1,175,1309731
2006,Idaho,Oral Cavity and Pharynx,10.7,156,1468669
2006,Illinois,Oral Cavity and Pharynx,10.8,1402,12643955
2006,Indiana,Oral Cavity and Pharynx,11,730,6332669
2006,Iowa,Oral Cavity and Pharynx,12.1,409,2982644
2006,Kansas,Oral Cavity and Pharynx,10,293,2762931
2006,Kentucky,Oral Cavity and Pharynx,12.4,566,4219239
2006,Louisiana,Oral Cavity and Pharynx,11.5,517,4302665
2006,Maine,Oral Cavity and Pharynx,12.2,198,1323619
2006,Maryland,Oral Cavity and Pharynx,9.3,542,5627367
2006,Massachusetts,Oral Cavity and Pharynx,11.5,814,6410084
2006,Michigan,Oral Cavity and Pharynx,11.6,1265,10036081
2006,Minnesota,Oral Cavity and Pharynx,11.2,601,5163555
2006,Mississippi,Oral Cavity and Pharynx,13,391,2904978
2006,Missouri,Oral Cavity and Pharynx,10.5,675,5842704
2006,Montana,Oral Cavity and Pharynx,11.6,126,952692
2006,Nebraska,Oral Cavity and Pharynx,11,210,1772693
2006,Nevada,Oral Cavity and Pharynx,10.6,266,2522658
2006,New Hampshire,Oral Cavity and Pharynx,9.7,142,1308389
2006,New Jersey,Oral Cavity and Pharynx,10.7,1010,8661679
2006,New Mexico,Oral Cavity and Pharynx,9.1,189,1962137
2006,New York,Oral Cavity and Pharynx,10,2077,19104631
2006,North Carolina,Oral Cavity and Pharynx,10.7,1016,8917270
2006,North Dakota,Oral Cavity and Pharynx,10.9,81,649422
2006,Ohio,Oral Cavity and Pharynx,10,1265,11481213
2006,Oklahoma,Oral Cavity and Pharynx,13.2,508,3594090
2006,Oregon,Oral Cavity and Pharynx,10.6,433,3670883
2006,Pennsylvania,Oral Cavity and Pharynx,10.6,1571,12510809
2006,Rhode Island,Oral Cavity and Pharynx,11.1,129,1063096
2006,South Carolina,Oral Cavity and Pharynx,11.4,544,4357847
2006,South Dakota,Oral Cavity and Pharynx,9.2,81,783033
2006,Tennessee,Oral Cavity and Pharynx,11.5,764,6088766
2006,Texas,Oral Cavity and Pharynx,10.4,2214,23359580
2006,United States,Oral Cavity and Pharynx,10.9,34285,298379912
2006,Utah,Oral Cavity and Pharynx,7.3,146,2525507
2006,Vermont,Oral Cavity and Pharynx,13.7,101,622892
2006,Virginia,Oral Cavity and Pharynx,9.9,792,7673725
2006,Washington,Oral Cavity and Pharynx,10.9,726,6370753
2006,West Virginia,Oral Cavity and Pharynx,10.6,235,1827912
2006,Wisconsin,Oral Cavity and Pharynx,10.6,646,5577655
2006,Wyoming,Oral Cavity and Pharynx,9.1,53,522667
2007,Alabama,Oral Cavity and Pharynx,12.5,656,4672840
2007,Alaska,Oral Cavity and Pharynx,11.3,67,680300
2007,Arizona,Oral Cavity and Pharynx,9.4,610,6167681
2007,Arkansas,Oral Cavity and Pharynx,11.9,383,2848650
2007,California,Oral Cavity and Pharynx,10.4,3648,36250311
2007,Colorado,Oral Cavity and Pharynx,10,472,4803868
2007,Connecticut,Oral Cavity and Pharynx,10.5,421,3527270
2007,Delaware,Oral Cavity and Pharynx,11.9,119,871749
2007,District of Columbia,Oral Cavity and Pharynx,12.2,69,574404
2007,Florida,Oral Cavity and Pharynx,13.6,3088,18367842
2007,Georgia,Oral Cavity and Pharynx,12,1072,9349988
2007,Hawaii,Oral Cavity and Pharynx,11,164,1315675
2007,Idaho,Oral Cavity and Pharynx,11.2,169,1505105
2007,Illinois,Oral Cavity and Pharynx,11.5,1521,12695866
2007,Indiana,Oral Cavity and Pharynx,11.8,808,6379599
2007,Iowa,Oral Cavity and Pharynx,10.7,366,2999212
2007,Kansas,Oral Cavity and Pharynx,11.3,341,2783785
2007,Kentucky,Oral Cavity and Pharynx,13,610,4256672
2007,Louisiana,Oral Cavity and Pharynx,12.1,562,4375581
2007,Maine,Oral Cavity and Pharynx,12,196,1327040
2007,Maryland,Oral Cavity and Pharynx,10.1,601,5653408
2007,Massachusetts,Oral Cavity and Pharynx,11.2,806,6431559
2007,Michigan,Oral Cavity and Pharynx,11,1206,10001284
2007,Minnesota,Oral Cavity and Pharynx,12.1,664,5207203
2007,Mississippi,Oral Cavity and Pharynx,13,399,2928350
2007,Missouri,Oral Cavity and Pharynx,12.1,791,5887612
2007,Montana,Oral Cavity and Pharynx,10.7,123,964706
2007,Nebraska,Oral Cavity and Pharynx,11.4,222,1783440
2007,Nevada,Oral Cavity and Pharynx,10.2,272,2601072
2007,New Hampshire,Oral Cavity and Pharynx,10.5,156,1312540
2007,New Jersey,Oral Cavity and Pharynx,10,964,8677885
2007,New Mexico,Oral Cavity and Pharynx,10.4,222,1990070
2007,New York,Oral Cavity and Pharynx,10.7,2236,19132335
2007,North Carolina,Oral Cavity and Pharynx,11.6,1142,9118037
2007,North Dakota,Oral Cavity and Pharynx,8.6,63,652822
2007,Ohio,Oral Cavity and Pharynx,10,1292,11500468
2007,Oklahoma,Oral Cavity and Pharynx,11.5,453,3634349
2007,Oregon,Oral Cavity and Pharynx,11,457,3722417
2007,Pennsylvania,Oral Cavity and Pharynx,11,1639,12563937
2007,Rhode Island,Oral Cavity and Pharynx,11.1,135,1057315
2007,South Carolina,Oral Cavity and Pharynx,12.7,624,4444110
2007,South Dakota,Oral Cavity and Pharynx,9.6,86,791623
2007,Tennessee,Oral Cavity and Pharynx,11.3,762,6175727
2007,Texas,Oral Cavity and Pharynx,10.5,2333,23831983
2007,United States,Oral Cavity and Pharynx,11.2,35938,301231207
2007,Utah,Oral Cavity and Pharynx,7.7,158,2597746
2007,Vermont,Oral Cavity and Pharynx,11.7,88,623481
2007,Virginia,Oral Cavity and Pharynx,11.7,946,7751000
2007,Washington,Oral Cavity and Pharynx,11.2,768,6461587
2007,West Virginia,Oral Cavity and Pharynx,12,275,1834052
2007,Wisconsin,Oral Cavity and Pharynx,10.6,656,5610775
2007,Wyoming,Oral Cavity and Pharynx,10,57,534876
2008,Alabama,Oral Cavity and Pharynx,13.2,699,4718206
2008,Alaska,Oral Cavity and Pharynx,10.1,65,687455
2008,Arizona,Oral Cavity and Pharynx,9.5,634,6280362
2008,Arkansas,Oral Cavity and Pharynx,12.8,415,2874554
2008,California,Oral Cavity and Pharynx,10.8,3866,36604337
2008,Colorado,Oral Cavity and Pharynx,10.1,499,4889730
2008,Connecticut,Oral Cavity and Pharynx,10.7,448,3545579
2008,Delaware,Oral Cavity and Pharynx,12.3,125,883874
2008,District of Columbia,Oral Cavity and Pharynx,13.5,78,580236
2008,Florida,Oral Cavity and Pharynx,14.2,3294,18527305
2008,Georgia,Oral Cavity and Pharynx,11.2,1035,9504843
2008,Hawaii,Oral Cavity and Pharynx,12.8,195,1332213
2008,Idaho,Oral Cavity and Pharynx,11.1,175,1534320
2008,Illinois,Oral Cavity and Pharynx,11.7,1584,12747038
2008,Indiana,Oral Cavity and Pharynx,11.8,818,6424806
2008,Iowa,Oral Cavity and Pharynx,11.2,391,3016734
2008,Kansas,Oral Cavity and Pharynx,10.9,334,2808076
2008,Kentucky,Oral Cavity and Pharynx,13.4,639,4289878
2008,Louisiana,Oral Cavity and Pharynx,12.5,596,4435586
2008,Maine,Oral Cavity and Pharynx,11.7,197,1330509
2008,Maryland,Oral Cavity and Pharynx,10.3,627,5684965
2008,Massachusetts,Oral Cavity and Pharynx,11.5,852,6468967
2008,Michigan,Oral Cavity and Pharynx,11.4,1280,9946889
2008,Minnesota,Oral Cavity and Pharynx,10.5,602,5247018
2008,Mississippi,Oral Cavity and Pharynx,13,407,2947806
2008,Missouri,Oral Cavity and Pharynx,12,799,5923916
2008,Montana,Oral Cavity and Pharynx,12,138,976415
2008,Nebraska,Oral Cavity and Pharynx,12.4,241,1796378
2008,Nevada,Oral Cavity and Pharynx,10.4,283,2653630
2008,New Hampshire,Oral Cavity and Pharynx,10.6,159,1315906
2008,New Jersey,Oral Cavity and Pharynx,10,970,8711090
2008,New Mexico,Oral Cavity and Pharynx,9.3,205,2010662
2008,New York,Oral Cavity and Pharynx,10.4,2211,19212436
2008,North Carolina,Oral Cavity and Pharynx,12.5,1263,9309449
2008,North Dakota,Oral Cavity and Pharynx,10.9,82,657569
2008,Ohio,Oral Cavity and Pharynx,11.1,1477,11515391
2008,Oklahoma,Oral Cavity and Pharynx,13.7,553,3668976
2008,Oregon,Oral Cavity and Pharynx,10.6,460,3768748
2008,Pennsylvania,Oral Cavity and Pharynx,11.3,1708,12612285
2008,Rhode Island,Oral Cavity and Pharynx,10.9,130,1055003
2008,South Carolina,Oral Cavity and Pharynx,11.7,595,4528996
2008,South Dakota,Oral Cavity and Pharynx,10.6,96,799124
2008,Tennessee,Oral Cavity and Pharynx,11.8,828,6247411
2008,Texas,Oral Cavity and Pharynx,10.9,2490,24309039
2008,United States,Oral Cavity and Pharynx,11.4,37523,304093966
2008,Utah,Oral Cavity and Pharynx,7.9,167,2663029
2008,Vermont,Oral Cavity and Pharynx,10.5,80,624151
2008,Virginia,Oral Cavity and Pharynx,10.4,860,7833496
2008,Washington,Oral Cavity and Pharynx,11.4,797,6562231
2008,West Virginia,Oral Cavity and Pharynx,12.9,300,1840310
2008,Wisconsin,Oral Cavity and Pharynx,10.9,693,5640996
2008,Wyoming,Oral Cavity and Pharynx,13.7,83,546043
2009,Alabama,Oral Cavity and Pharynx,12.7,688,4757938
2009,Alaska,Oral Cavity and Pharynx,11.2,75,698895
2009,Arizona,Oral Cavity and Pharynx,9,623,6343154
2009,Arkansas,Oral Cavity and Pharynx,12.7,423,2896843
2009,California,Oral Cavity and Pharynx,10.5,3873,36961229
2009,Colorado,Oral Cavity and Pharynx,8.9,449,4972195
2009,Connecticut,Oral Cavity and Pharynx,11,462,3561807
2009,Delaware,Oral Cavity and Pharynx,12.8,135,891730
2009,District of Columbia,Oral Cavity and Pharynx,11.5,66,592228
2009,Florida,Oral Cavity and Pharynx,13.4,3173,18652644
2009,Georgia,Oral Cavity and Pharynx,12.2,1165,9620846
2009,Hawaii,Oral Cavity and Pharynx,12.3,196,1346717
2009,Idaho,Oral Cavity and Pharynx,14.1,223,1554439
2009,Illinois,Oral Cavity and Pharynx,11.7,1596,12796778
2009,Indiana,Oral Cavity and Pharynx,11.2,788,6459325
2009,Iowa,Oral Cavity and Pharynx,11.6,416,3032870
2009,Kansas,Oral Cavity and Pharynx,11,336,2832704
2009,Kentucky,Oral Cavity and Pharynx,13.7,677,4317074
2009,Louisiana,Oral Cavity and Pharynx,13.2,635,4491648
2009,Maine,Oral Cavity and Pharynx,12.2,206,1329590
2009,Maryland,Oral Cavity and Pharynx,10.7,671,5730388
2009,Massachusetts,Oral Cavity and Pharynx,11.7,876,6517613
2009,Michigan,Oral Cavity and Pharynx,11.2,1268,9901591
2009,Minnesota,Oral Cavity and Pharynx,12.2,696,5281203
2009,Mississippi,Oral Cavity and Pharynx,13.9,440,2958774
2009,Missouri,Oral Cavity and Pharynx,11.2,762,5961088
2009,Montana,Oral Cavity and Pharynx,12.8,151,983982
2009,Nebraska,Oral Cavity and Pharynx,10.9,220,1812683
2009,Nevada,Oral Cavity and Pharynx,10.9,306,2684665
2009,New Hampshire,Oral Cavity and Pharynx,11.5,178,1316102
2009,New Jersey,Oral Cavity and Pharynx,10.8,1063,8755602
2009,New Mexico,Oral Cavity and Pharynx,10.3,232,2036802
2009,New York,Oral Cavity and Pharynx,10.6,2298,19307066
2009,North Carolina,Oral Cavity and Pharynx,12.5,1298,9449566
2009,North Dakota,Oral Cavity and Pharynx,12.2,94,664968
2009,Ohio,Oral Cavity and Pharynx,10.1,1357,11528896
2009,Oklahoma,Oral Cavity and Pharynx,12.7,524,3717572
2009,Oregon,Oral Cavity and Pharynx,11,489,3808600
2009,Pennsylvania,Oral Cavity and Pharynx,11.1,1704,12666858
2009,Rhode Island,Oral Cavity and Pharynx,11.1,135,1053646
2009,South Carolina,Oral Cavity and Pharynx,12.5,650,4589872
2009,South Dakota,Oral Cavity and Pharynx,11.4,104,807067
2009,Tennessee,Oral Cavity and Pharynx,12.5,894,6306019
2009,Texas,Oral Cavity and Pharynx,10.7,2530,24801761
2009,United States,Oral Cavity and Pharynx,11.3,38170,306771529
2009,Utah,Oral Cavity and Pharynx,7.6,168,2723421
2009,Vermont,Oral Cavity and Pharynx,12.3,97,624817
2009,Virginia,Oral Cavity and Pharynx,10.5,897,7925937
2009,Washington,Oral Cavity and Pharynx,11.6,840,6667426
2009,West Virginia,Oral Cavity and Pharynx,10.1,239,1847775
2009,Wisconsin,Oral Cavity and Pharynx,11.5,732,5669264
2009,Wyoming,Oral Cavity and Pharynx,8.8,52,559851
2010,Alabama,Oral Cavity and Pharynx,13.3,729,4785437
2010,Alaska,Oral Cavity and Pharynx,10,71,713910
2010,Arizona,Oral Cavity and Pharynx,8.7,614,6407172
2010,Arkansas,Oral Cavity and Pharynx,12.8,428,2921964
2010,California,Oral Cavity and Pharynx,10.5,3957,37319502
2010,Colorado,Oral Cavity and Pharynx,11.2,580,5047349
2010,Connecticut,Oral Cavity and Pharynx,10.4,440,3579114
2010,Delaware,Oral Cavity and Pharynx,12.8,134,899593
2010,District of Columbia,Oral Cavity and Pharynx,11.1,69,605226
2010,Florida,Oral Cavity and Pharynx,13.6,3275,18845537
2010,Georgia,Oral Cavity and Pharynx,11.6,1119,9711881
2010,Hawaii,Oral Cavity and Pharynx,10.8,172,1363963
2010,Idaho,Oral Cavity and Pharynx,13.9,230,1570746
2010,Illinois,Oral Cavity and Pharynx,11.5,1599,12840503
2010,Indiana,Oral Cavity and Pharynx,11.7,848,6490432
2010,Iowa,Oral Cavity and Pharynx,12.7,452,3050745
2010,Kansas,Oral Cavity and Pharynx,10.7,337,2858190
2010,Kentucky,Oral Cavity and Pharynx,13.2,669,4348181
2010,Louisiana,Oral Cavity and Pharynx,12.8,631,4544532
2010,Maine,Oral Cavity and Pharynx,12.3,218,1327629
2010,Maryland,Oral Cavity and Pharynx,10.7,673,5788645
2010,Massachusetts,Oral Cavity and Pharynx,11.6,901,6566307
2010,Michigan,Oral Cavity and Pharynx,11.8,1367,9877510
2010,Minnesota,Oral Cavity and Pharynx,11.7,696,5310828
2010,Mississippi,Oral Cavity and Pharynx,13.4,433,2970548
2010,Missouri,Oral Cavity and Pharynx,11.5,795,5995974
2010,Montana,Oral Cavity and Pharynx,12.2,146,990697
2010,Nebraska,Oral Cavity and Pharynx,11.7,245,1829542
2010,Nevada,Oral Cavity and Pharynx,10.1,294,2702405
2010,New Hampshire,Oral Cavity and Pharynx,11.7,187,1316762
2010,New Jersey,Oral Cavity and Pharynx,10.2,1031,8799446
2010,New Mexico,Oral Cavity and Pharynx,9.2,219,2064552
2010,New York,Oral Cavity and Pharynx,10.6,2325,19399878
2010,North Carolina,Oral Cavity and Pharynx,11.6,1238,9574323
2010,North Dakota,Oral Cavity and Pharynx,11,86,674715
2010,Ohio,Oral Cavity and Pharynx,10.9,1472,11539336
2010,Oklahoma,Oral Cavity and Pharynx,13.8,582,3759944
2010,Oregon,Oral Cavity and Pharynx,9.8,451,3837491
2010,Pennsylvania,Oral Cavity and Pharynx,11.4,1777,12711160
2010,Rhode Island,Oral Cavity and Pharynx,13.9,173,1053959
2010,South Carolina,Oral Cavity and Pharynx,12.2,656,4635649
2010,South Dakota,Oral Cavity and Pharynx,11.9,112,816166
2010,Tennessee,Oral Cavity and Pharynx,12.3,898,6355311
2010,Texas,Oral Cavity and Pharynx,10.4,2499,25241971
2010,United States,Oral Cavity and Pharynx,11.3,39053,309321666
2010,Utah,Oral Cavity and Pharynx,7.7,177,2775332
2010,Vermont,Oral Cavity and Pharynx,11.9,94,625879
2010,Virginia,Oral Cavity and Pharynx,10.6,928,8023699
2010,Washington,Oral Cavity and Pharynx,12,887,6742830
2010,West Virginia,Oral Cavity and Pharynx,12.8,310,1854239
2010,Wisconsin,Oral Cavity and Pharynx,11.5,757,5690475
2010,Wyoming,Oral Cavity and Pharynx,11.3,72,564487
2011,Alabama,Oral Cavity and Pharynx,12.5,691,4799069
2011,Alaska,Oral Cavity and Pharynx,12.8,86,722128
2011,Arizona,Oral Cavity and Pharynx,9.7,704,6472643
2011,Arkansas,Oral Cavity and Pharynx,12.7,439,2940667
2011,California,Oral Cavity and Pharynx,10.4,4019,37638369
2011,Colorado,Oral Cavity and Pharynx,10.6,573,5121108
2011,Connecticut,Oral Cavity and Pharynx,11.7,506,3588283
2011,Delaware,Oral Cavity and Pharynx,12.1,135,907381
2011,District of Columbia,Oral Cavity and Pharynx,12.2,74,619800
2011,Florida,Oral Cavity and Pharynx,13.4,3301,19053237
2011,Georgia,Oral Cavity and Pharynx,12.5,1253,9802431
2011,Hawaii,Oral Cavity and Pharynx,10.1,166,1379329
2011,Idaho,Oral Cavity and Pharynx,12.8,215,1583910
2011,Illinois,Oral Cavity and Pharynx,12.3,1741,12867454
2011,Indiana,Oral Cavity and Pharynx,11.9,874,6516528
2011,Iowa,Oral Cavity and Pharynx,12.1,441,3066336
2011,Kansas,Oral Cavity and Pharynx,11.4,357,2869225
2011,Kentucky,Oral Cavity and Pharynx,14.4,728,4369821
2011,Louisiana,Oral Cavity and Pharynx,13.1,658,4575625
2011,Maine,Oral Cavity and Pharynx,11.6,208,1328284
2011,Maryland,Oral Cavity and Pharynx,10.4,682,5839419
2011,Massachusetts,Oral Cavity and Pharynx,11.6,903,6613583
2011,Michigan,Oral Cavity and Pharynx,12.2,1434,9882412
2011,Minnesota,Oral Cavity and Pharynx,12.5,749,5346143
2011,Mississippi,Oral Cavity and Pharynx,13.2,437,2978731
2011,Missouri,Oral Cavity and Pharynx,12.2,864,6010275
2011,Montana,Oral Cavity and Pharynx,11.9,146,997316
2011,Nebraska,Oral Cavity and Pharynx,12.2,250,1840672
2011,Nevada,Oral Cavity and Pharynx,11.1,331,2712730
2011,New Hampshire,Oral Cavity and Pharynx,12.7,203,1320202
2011,New Jersey,Oral Cavity and Pharynx,10.5,1071,8828117
2011,New Mexico,Oral Cavity and Pharynx,10.3,246,2080450
2011,New York,Oral Cavity and Pharynx,10.6,2361,19499241
2011,North Carolina,Oral Cavity and Pharynx,12.5,1366,9657592
2011,North Dakota,Oral Cavity and Pharynx,11.9,92,685225
2011,Ohio,Oral Cavity and Pharynx,11.3,1556,11544663
2011,Oklahoma,Oral Cavity and Pharynx,12.4,527,3788379
2011,Oregon,Oral Cavity and Pharynx,11.7,548,3872036
2011,Pennsylvania,Oral Cavity and Pharynx,12,1878,12745815
2011,Rhode Island,Oral Cavity and Pharynx,9.9,128,1053649
2011,South Carolina,Oral Cavity and Pharynx,12.4,679,4671994
2011,South Dakota,Oral Cavity and Pharynx,12.9,123,823579
2011,Tennessee,Oral Cavity and Pharynx,12.2,900,6399291
2011,Texas,Oral Cavity and Pharynx,11,2759,25645629
2011,United States,Oral Cavity and Pharynx,11.6,40738,311556874
2011,Utah,Oral Cavity and Pharynx,8.3,194,2814384
2011,Vermont,Oral Cavity and Pharynx,9.5,77,627049
2011,Virginia,Oral Cavity and Pharynx,10.4,939,8101155
2011,Washington,Oral Cavity and Pharynx,11.6,887,6826627
2011,West Virginia,Oral Cavity and Pharynx,12.7,308,1856301
2011,Wisconsin,Oral Cavity and Pharynx,12.6,851,5705288
2011,Wyoming,Oral Cavity and Pharynx,12.1,80,567299
2012,Alabama,Oral Cavity and Pharynx,13.2,754,4815588
2012,Alaska,Oral Cavity and Pharynx,14.5,100,730443
2012,Arizona,Oral Cavity and Pharynx,8.6,645,6554978
2012,Arkansas,Oral Cavity and Pharynx,12.5,430,2952164
2012,California,Oral Cavity and Pharynx,10.5,4147,37948800
2012,Colorado,Oral Cavity and Pharynx,9.7,539,5192647
2012,Connecticut,Oral Cavity and Pharynx,11.6,516,3594547
2012,Delaware,Oral Cavity and Pharynx,11.3,126,915179
2012,District of Columbia,Oral Cavity and Pharynx,12.2,78,634924
2012,Florida,Oral Cavity and Pharynx,13.6,3472,19297822
2012,Georgia,Oral Cavity and Pharynx,12.2,1254,9901430
2012,Hawaii,Oral Cavity and Pharynx,12.9,210,1394804
2012,Idaho,Oral Cavity and Pharynx,11.7,203,1595324
2012,Illinois,Oral Cavity and Pharynx,12,1732,12882510
2012,Indiana,Oral Cavity and Pharynx,12.3,918,6537703
2012,Iowa,Oral Cavity and Pharynx,12.2,455,3076190
2012,Kansas,Oral Cavity and Pharynx,11.9,391,2885257
2012,Kentucky,Oral Cavity and Pharynx,13.6,696,4386346
2012,Louisiana,Oral Cavity and Pharynx,12.5,637,4600972
2012,Maine,Oral Cavity and Pharynx,13,238,1327729
2012,Maryland,Oral Cavity and Pharynx,10.8,728,5886992
2012,Massachusetts,Oral Cavity and Pharynx,12.9,1019,6663005
2012,Michigan,Oral Cavity and Pharynx,10.9,1320,9897145
2012,Minnesota,Oral Cavity and Pharynx,11.4,708,5376643
2012,Mississippi,Oral Cavity and Pharynx,12.5,420,2983816
2012,Missouri,Oral Cavity and Pharynx,12.2,878,6024367
2012,Montana,Oral Cavity and Pharynx,11.3,145,1003783
2012,Nebraska,Oral Cavity and Pharynx,9.6,207,1853303
2012,Nevada,Oral Cavity and Pharynx,9.8,302,2743996
2012,New Hampshire,Oral Cavity and Pharynx,11.3,193,1324232
2012,New Jersey,Oral Cavity and Pharynx,10.2,1072,8844942
2012,New Mexico,Oral Cavity and Pharynx,9.5,232,2087309
2012,New York,Oral Cavity and Pharynx,10.6,2398,19572932
2012,North Carolina,Oral Cavity and Pharynx,12.8,1445,9749476
2012,North Dakota,Oral Cavity and Pharynx,11,91,701176
2012,Ohio,Oral Cavity and Pharynx,11.3,1577,11548923
2012,Oklahoma,Oral Cavity and Pharynx,13.2,565,3818814
2012,Oregon,Oral Cavity and Pharynx,12.3,576,3899001
2012,Pennsylvania,Oral Cavity and Pharynx,11.8,1907,12767118
2012,Rhode Island,Oral Cavity and Pharynx,11,136,1054621
2012,South Carolina,Oral Cavity and Pharynx,12.7,719,4717354
2012,South Dakota,Oral Cavity and Pharynx,12.2,122,833566
2012,Tennessee,Oral Cavity and Pharynx,12.7,963,6453898
2012,Texas,Oral Cavity and Pharynx,10.7,2757,26084481
2012,United States,Oral Cavity and Pharynx,11.5,41369,313830990
2012,Utah,Oral Cavity and Pharynx,9.7,229,2853375
2012,Vermont,Oral Cavity and Pharynx,12.3,103,626090
2012,Virginia,Oral Cavity and Pharynx,10.4,964,8185080
2012,Washington,Oral Cavity and Pharynx,11.6,900,6897058
2012,West Virginia,Oral Cavity and Pharynx,11.7,285,1856872
2012,Wisconsin,Oral Cavity and Pharynx,11.8,805,5719960
2012,Wyoming,Oral Cavity and Pharynx,9.4,62,576305
2013,Alabama,Oral Cavity and Pharynx,13,760,4830081
2013,Alaska,Oral Cavity and Pharynx,11,81,737068
2013,Arizona,Oral Cavity and Pharynx,9.7,759,6632764
2013,Arkansas,Oral Cavity and Pharynx,13.2,460,2959400
2013,California,Oral Cavity and Pharynx,10.5,4269,38260787
2013,Colorado,Oral Cavity and Pharynx,10.1,593,5269035
2013,Connecticut,Oral Cavity and Pharynx,11.4,506,3594841
2013,Delaware,Oral Cavity and Pharynx,13.2,150,923576
2013,District of Columbia,Oral Cavity and Pharynx,9.9,61,650581
2013,Florida,Oral Cavity and Pharynx,14,3639,19545621
2013,Georgia,Oral Cavity and Pharynx,12.6,1341,9972479
2013,Hawaii,Oral Cavity and Pharynx,13.3,225,1408243
2013,Idaho,Oral Cavity and Pharynx,12.8,235,1611206
2013,Illinois,Oral Cavity and Pharynx,12,1763,12895129
2013,Indiana,Oral Cavity and Pharynx,12.1,916,6568713
2013,Iowa,Oral Cavity and Pharynx,13.3,500,3092997
2013,Kansas,Oral Cavity and Pharynx,12.1,397,2893212
2013,Kentucky,Oral Cavity and Pharynx,14.2,747,4404659
2013,Louisiana,Oral Cavity and Pharynx,13.4,692,4624527
2013,Maine,Oral Cavity and Pharynx,12,221,1328009
2013,Maryland,Oral Cavity and Pharynx,11,743,5923188
2013,Massachusetts,Oral Cavity and Pharynx,11.7,946,6713315
2013,Michigan,Oral Cavity and Pharynx,11.3,1363,9913065
2013,Minnesota,Oral Cavity and Pharynx,11.7,749,5413479
2013,Mississippi,Oral Cavity and Pharynx,13,450,2988711
2013,Missouri,Oral Cavity and Pharynx,12.6,909,6040715
2013,Montana,Oral Cavity and Pharynx,10.7,143,1013569
2013,Nebraska,Oral Cavity and Pharynx,12,250,1865279
2013,Nevada,Oral Cavity and Pharynx,10.6,331,2775970
2013,New Hampshire,Oral Cavity and Pharynx,11.9,202,1326622
2013,New Jersey,Oral Cavity and Pharynx,11.1,1166,8856972
2013,New Mexico,Oral Cavity and Pharynx,8.5,209,2092273
2013,New York,Oral Cavity and Pharynx,10.6,2443,19624447
2013,North Carolina,Oral Cavity and Pharynx,12.6,1447,9843336
2013,North Dakota,Oral Cavity and Pharynx,11.8,98,722036
2013,Ohio,Oral Cavity and Pharynx,11.9,1698,11576684
2013,Oklahoma,Oral Cavity and Pharynx,14.1,607,3853214
2013,Oregon,Oral Cavity and Pharynx,13,629,3922468
2013,Pennsylvania,Oral Cavity and Pharynx,12.1,1952,12776309
2013,Rhode Island,Oral Cavity and Pharynx,11.4,150,1055081
2013,South Carolina,Oral Cavity and Pharynx,13.8,800,4764080
2013,South Dakota,Oral Cavity and Pharynx,11.8,116,842316
2013,Tennessee,Oral Cavity and Pharynx,12.6,965,6494340
2013,Texas,Oral Cavity and Pharynx,10.9,2871,26480266
2013,United States,Oral Cavity and Pharynx,11.8,43162,315993715
2013,Utah,Oral Cavity and Pharynx,8,197,2897640
2013,Vermont,Oral Cavity and Pharynx,11,92,626210
2013,Virginia,Oral Cavity and Pharynx,11.6,1092,8252427
2013,Washington,Oral Cavity and Pharynx,12.6,1012,6963985
2013,West Virginia,Oral Cavity and Pharynx,12.7,310,1853914
2013,Wisconsin,Oral Cavity and Pharynx,12.3,846,5736754
2013,Wyoming,Oral Cavity and Pharynx,8.9,61,582122
2014,Alabama,Oral Cavity and Pharynx,13,756,4841799
2014,Alaska,Oral Cavity and Pharynx,9.8,77,736283
2014,Arizona,Oral Cavity and Pharynx,9.9,796,6730413
2014,Arkansas,Oral Cavity and Pharynx,14,502,2967392
2014,California,Oral Cavity and Pharynx,10.3,4320,38596972
2014,Colorado,Oral Cavity and Pharynx,10.6,624,5350101
2014,Connecticut,Oral Cavity and Pharynx,11.9,546,3594524
2014,Delaware,Oral Cavity and Pharynx,13.7,157,932487
2014,District of Columbia,Oral Cavity and Pharynx,10.6,70,662328
2014,Florida,Oral Cavity and Pharynx,14.4,3844,19845911
2014,Georgia,Oral Cavity and Pharynx,12.7,1377,10067278
2014,Hawaii,Oral Cavity and Pharynx,14.4,247,1414538
2014,Idaho,Oral Cavity and Pharynx,10.1,186,1631112
2014,Illinois,Oral Cavity and Pharynx,12,1786,12884493
2014,Indiana,Oral Cavity and Pharynx,12.7,972,6593644
2014,Iowa,Oral Cavity and Pharynx,12.5,477,3109350
2014,Kansas,Oral Cavity and Pharynx,11.8,398,2900475
2014,Kentucky,Oral Cavity and Pharynx,15.3,818,4414349
2014,Louisiana,Oral Cavity and Pharynx,13.8,735,4644013
2014,Maine,Oral Cavity and Pharynx,12.6,239,1330513
2014,Maryland,Oral Cavity and Pharynx,10.7,744,5957283
2014,Massachusetts,Oral Cavity and Pharynx,12,990,6762596
2014,Michigan,Oral Cavity and Pharynx,12.1,1480,9929848
2014,Minnesota,Oral Cavity and Pharynx,11.7,759,5451079
2014,Mississippi,Oral Cavity and Pharynx,13.4,464,2990468
2014,Missouri,Oral Cavity and Pharynx,12.5,933,6056202
2014,Montana,Oral Cavity and Pharynx,11.5,149,1021869
2014,Nebraska,Oral Cavity and Pharynx,12,255,1879321
2014,Nevada,Oral Cavity and Pharynx,10.7,354,2817628
2014,New Hampshire,Oral Cavity and Pharynx,12.2,217,1333341
2014,New Jersey,Oral Cavity and Pharynx,10.7,1151,8864525
2014,New Mexico,Oral Cavity and Pharynx,9.8,244,2089568
2014,New York,Oral Cavity and Pharynx,10.9,2547,19651049
2014,North Carolina,Oral Cavity and Pharynx,12.4,1463,9932887
2014,North Dakota,Oral Cavity and Pharynx,12.9,112,737401
2014,Ohio,Oral Cavity and Pharynx,11.9,1698,11602700
2014,Oklahoma,Oral Cavity and Pharynx,12.4,556,3878187
2014,Oregon,Oral Cavity and Pharynx,11.6,578,3963244
2014,Pennsylvania,Oral Cavity and Pharynx,12.1,1983,12788313
2014,Rhode Island,Oral Cavity and Pharynx,11.1,148,1055936
2014,South Carolina,Oral Cavity and Pharynx,12.3,729,4823617
2014,South Dakota,Oral Cavity and Pharynx,14.9,150,849129
2014,Tennessee,Oral Cavity and Pharynx,12.8,1015,6541223
2014,Texas,Oral Cavity and Pharynx,11.2,3048,26964333
2014,United States,Oral Cavity and Pharynx,11.9,44522,318301008
2014,Utah,Oral Cavity and Pharynx,9.3,238,2936879
2014,Vermont,Oral Cavity and Pharynx,13.3,112,625214
2014,Virginia,Oral Cavity and Pharynx,11.7,1121,8310993
2014,Washington,Oral Cavity and Pharynx,12.5,1041,7054655
2014,West Virginia,Oral Cavity and Pharynx,14.2,350,1849489
2014,Wisconsin,Oral Cavity and Pharynx,12.5,899,5751525
2014,Wyoming,Oral Cavity and Pharynx,9.9,67,582531
2015,Alabama,Oral Cavity and Pharynx,13.4,795,4852347
2015,Alaska,Oral Cavity and Pharynx,11,81,737498
2015,Arizona,Oral Cavity and Pharynx,9.7,799,6829676
2015,Arkansas,Oral Cavity and Pharynx,14.5,530,2978048
2015,California,Oral Cavity and Pharynx,10.5,4489,38918045
2015,Colorado,Oral Cavity and Pharynx,11.3,697,5450623
2015,Connecticut,Oral Cavity and Pharynx,12.2,567,3587122
2015,Delaware,Oral Cavity and Pharynx,13.1,161,941252
2015,District of Columbia,Oral Cavity and Pharynx,11,75,675400
2015,Florida,Oral Cavity and Pharynx,14,3870,20209042
2015,Georgia,Oral Cavity and Pharynx,13.2,1478,10178447
2015,Hawaii,Oral Cavity and Pharynx,12.8,223,1422052
2015,Idaho,Oral Cavity and Pharynx,13,241,1651059
2015,Illinois,Oral Cavity and Pharynx,12.4,1862,12858913
2015,Indiana,Oral Cavity and Pharynx,13.2,1030,6608422
2015,Iowa,Oral Cavity and Pharynx,13.9,533,3120960
2015,Kansas,Oral Cavity and Pharynx,12.7,437,2909011
2015,Kentucky,Oral Cavity and Pharynx,13.7,745,4425976
2015,Louisiana,Oral Cavity and Pharynx,12.9,697,4664628
2015,Maine,Oral Cavity and Pharynx,13.9,267,1328262
2015,Maryland,Oral Cavity and Pharynx,11.2,805,5985562
2015,Massachusetts,Oral Cavity and Pharynx,12.4,1049,6794228
2015,Michigan,Oral Cavity and Pharynx,11.4,1436,9931715
2015,Minnesota,Oral Cavity and Pharynx,12,792,5482032
2015,Mississippi,Oral Cavity and Pharynx,11.6,410,2988471
2015,Missouri,Oral Cavity and Pharynx,12.3,924,6071732
2015,Montana,Oral Cavity and Pharynx,11.4,153,1030475
2015,Nebraska,Oral Cavity and Pharynx,12.1,270,1891277
2015,Nevada,Oral Cavity and Pharynx,10.7,364,2866939
2015,New Hampshire,Oral Cavity and Pharynx,11.7,209,1336350
2015,New Jersey,Oral Cavity and Pharynx,11.1,1216,8867949
2015,New Mexico,Oral Cavity and Pharynx,8.2,208,2089291
2015,New York,Oral Cavity and Pharynx,11.3,2675,19654666
2015,North Carolina,Oral Cavity and Pharynx,13,1560,10031646
2015,North Dakota,Oral Cavity and Pharynx,11,95,754066
2015,Ohio,Oral Cavity and Pharynx,12.3,1793,11617527
2015,Oklahoma,Oral Cavity and Pharynx,12.8,587,3909500
2015,Oregon,Oral Cavity and Pharynx,12.8,640,4015792
2015,Pennsylvania,Oral Cavity and Pharynx,11.8,1951,12784826
2015,Rhode Island,Oral Cavity and Pharynx,12.4,165,1056065
2015,South Carolina,Oral Cavity and Pharynx,11.9,740,4891938
2015,South Dakota,Oral Cavity and Pharynx,10.2,103,853988
2015,Tennessee,Oral Cavity and Pharynx,13.3,1071,6591170
2015,Texas,Oral Cavity and Pharynx,11.3,3162,27470056
2015,United States,Oral Cavity and Pharynx,12,45758,320635163
2015,Utah,Oral Cavity and Pharynx,11.3,295,2981835
2015,Vermont,Oral Cavity and Pharynx,12.6,106,625216
2015,Virginia,Oral Cavity and Pharynx,11.1,1095,8361808
2015,Washington,Oral Cavity and Pharynx,11.9,985,7163657
2015,West Virginia,Oral Cavity and Pharynx,13.4,332,1842050
2015,Wisconsin,Oral Cavity and Pharynx,12.9,930,5760940
2015,Wyoming,Oral Cavity and Pharynx,8.5,60,585613
2016,Alabama,Oral Cavity and Pharynx,13.8,826,4863525
2016,Alaska,Oral Cavity and Pharynx,11,89,741456
2016,Arizona,Oral Cavity and Pharynx,8.7,741,6941072
2016,Arkansas,Oral Cavity and Pharynx,13.7,495,2989918
2016,California,Oral Cavity and Pharynx,10.3,4482,39167117
2016,Colorado,Oral Cavity and Pharynx,10.6,651,5539215
2016,Connecticut,Oral Cavity and Pharynx,12,553,3578141
2016,Delaware,Oral Cavity and Pharynx,12.3,152,948921
2016,District of Columbia,Oral Cavity and Pharynx,10.4,70,685815
2016,Florida,Oral Cavity and Pharynx,14.1,3999,20613477
2016,Georgia,Oral Cavity and Pharynx,12.8,1475,10301890
2016,Hawaii,Oral Cavity and Pharynx,13.3,242,1427559
2016,Idaho,Oral Cavity and Pharynx,13.9,272,1682380
2016,Illinois,Oral Cavity and Pharynx,12.3,1874,12820527
2016,Indiana,Oral Cavity and Pharynx,13.1,1027,6634304
2016,Iowa,Oral Cavity and Pharynx,13.6,531,3131371
2016,Kansas,Oral Cavity and Pharynx,12.2,414,2910844
2016,Kentucky,Oral Cavity and Pharynx,14.3,779,4438182
2016,Louisiana,Oral Cavity and Pharynx,13,711,4678135
2016,Maine,Oral Cavity and Pharynx,13.4,255,1331317
2016,Maryland,Oral Cavity and Pharynx,10.9,786,6003323
2016,Massachusetts,Oral Cavity and Pharynx,12.2,1046,6823608
2016,Michigan,Oral Cavity and Pharynx,12.5,1565,9950571
2016,Minnesota,Oral Cavity and Pharynx,12.7,848,5522744
2016,Mississippi,Oral Cavity and Pharynx,14.9,530,2987938
2016,Missouri,Oral Cavity and Pharynx,12.7,962,6087135
2016,Montana,Oral Cavity and Pharynx,11.6,164,1040859
2016,Nebraska,Oral Cavity and Pharynx,12.6,280,1905616
2016,Nevada,Oral Cavity and Pharynx,10.6,363,2917563
2016,New Hampshire,Oral Cavity and Pharynx,12.2,227,1342307
2016,New Jersey,Oral Cavity and Pharynx,11,1229,8870827
2016,New Mexico,Oral Cavity and Pharynx,8.9,229,2091630
2016,New York,Oral Cavity and Pharynx,11.6,2791,19633428
2016,North Carolina,Oral Cavity and Pharynx,12.6,1559,10154788
2016,North Dakota,Oral Cavity and Pharynx,15.6,131,754434
2016,Ohio,Oral Cavity and Pharynx,11.9,1765,11634370
2016,Oklahoma,Oral Cavity and Pharynx,12.6,570,3926331
2016,Oregon,Oral Cavity and Pharynx,12.4,644,4089976
2016,Pennsylvania,Oral Cavity and Pharynx,12.2,2061,12782275
2016,Rhode Island,Oral Cavity and Pharynx,10.6,150,1056770
2016,South Carolina,Oral Cavity and Pharynx,12.6,799,4957968
2016,South Dakota,Oral Cavity and Pharynx,13.1,136,862996
2016,Tennessee,Oral Cavity and Pharynx,13.2,1091,6646010
2016,Texas,Oral Cavity and Pharynx,11.4,3244,27914410
2016,United States,Oral Cavity and Pharynx,12,46752,322941311
2016,Utah,Oral Cavity and Pharynx,11,296,3041868
2016,Vermont,Oral Cavity and Pharynx,10.2,86,623657
2016,Virginia,Oral Cavity and Pharynx,11.8,1185,8410106
2016,Washington,Oral Cavity and Pharynx,12.7,1084,7294771
2016,West Virginia,Oral Cavity and Pharynx,14.2,348,1831023
2016,Wisconsin,Oral Cavity and Pharynx,11.8,861,5772628
2016,Wyoming,Oral Cavity and Pharynx,11.6,84,584215
2017,Alabama,Oral Cavity and Pharynx,13,806,4874486
2017,Alaska,Oral Cavity and Pharynx,11.3,87,739700
2017,Arizona,Oral Cavity and Pharynx,8.9,780,7044008
2017,Arkansas,Oral Cavity and Pharynx,13.6,512,3001345
2017,California,Oral Cavity and Pharynx,9.9,4390,39358497
2017,Colorado,Oral Cavity and Pharynx,10.7,684,5611885
2017,Connecticut,Oral Cavity and Pharynx,11.9,558,3573297
2017,Delaware,Oral Cavity and Pharynx,11,141,956823
2017,District of Columbia,Oral Cavity and Pharynx,12.4,84,694906
2017,Florida,Oral Cavity and Pharynx,13.8,4052,20963613
2017,Georgia,Oral Cavity and Pharynx,12,1417,10410330
2017,Hawaii,Oral Cavity and Pharynx,12.4,219,1424393
2017,Idaho,Oral Cavity and Pharynx,11.9,242,1717715
2017,Illinois,Oral Cavity and Pharynx,12.5,1927,12778828
2017,Indiana,Oral Cavity and Pharynx,13,1027,6658078
2017,Iowa,Oral Cavity and Pharynx,13.4,526,3141550
2017,Kansas,Oral Cavity and Pharynx,11.4,396,2908718
2017,Kentucky,Oral Cavity and Pharynx,13.3,739,4452268
2017,Louisiana,Oral Cavity and Pharynx,13.1,724,4670560
2017,Maine,Oral Cavity and Pharynx,15,282,1334612
2017,Maryland,Oral Cavity and Pharynx,11.6,862,6023868
2017,Massachusetts,Oral Cavity and Pharynx,12.1,1052,6859789
2017,Michigan,Oral Cavity and Pharynx,12,1528,9973114
2017,Minnesota,Oral Cavity and Pharynx,13,877,5566230
2017,Mississippi,Oral Cavity and Pharynx,14.1,506,2988510
2017,Missouri,Oral Cavity and Pharynx,13.3,1035,6106670
2017,Montana,Oral Cavity and Pharynx,13.4,175,1052482
2017,Nebraska,Oral Cavity and Pharynx,13.6,307,1915947
2017,Nevada,Oral Cavity and Pharynx,11.6,409,2969905
2017,New Hampshire,Oral Cavity and Pharynx,11.7,211,1348787
2017,New Jersey,Oral Cavity and Pharynx,11.9,1328,8885525
2017,New Mexico,Oral Cavity and Pharynx,8.7,225,2091784
2017,New York,Oral Cavity and Pharynx,11.3,2740,19589572
2017,North Carolina,Oral Cavity and Pharynx,12.5,1583,10268233
2017,North Dakota,Oral Cavity and Pharynx,13,108,754942
2017,Ohio,Oral Cavity and Pharynx,12.5,1843,11659650
2017,Oklahoma,Oral Cavity and Pharynx,11.8,551,3931316
2017,Oregon,Oral Cavity and Pharynx,12.3,658,4143625
2017,Pennsylvania,Oral Cavity and Pharynx,12.3,2095,12787641
2017,Rhode Island,Oral Cavity and Pharynx,11.6,164,1055673
2017,South Carolina,Oral Cavity and Pharynx,13,839,5021268
2017,South Dakota,Oral Cavity and Pharynx,13.2,138,872868
2017,Tennessee,Oral Cavity and Pharynx,13.3,1109,6708799
2017,Texas,Oral Cavity and Pharynx,10.9,3201,28295273
2017,United States,Oral Cavity and Pharynx,11.9,47037,324985539
2017,Utah,Oral Cavity and Pharynx,8.4,243,3101042
2017,Vermont,Oral Cavity and Pharynx,12.8,114,624344
2017,Virginia,Oral Cavity and Pharynx,11.1,1128,8463587
2017,Washington,Oral Cavity and Pharynx,12.4,1081,7423362
2017,West Virginia,Oral Cavity and Pharynx,14.5,352,1817004
2017,Wisconsin,Oral Cavity and Pharynx,12.1,897,5790186
2017,Wyoming,Oral Cavity and Pharynx,12.2,85,578931
2018,Alabama,Oral Cavity and Pharynx,11.5,718,4887681
2018,Alaska,Oral Cavity and Pharynx,10.3,85,735139
2018,Arizona,Oral Cavity and Pharynx,8.3,757,7158024
2018,Arkansas,Oral Cavity and Pharynx,14.5,534,3009733
2018,California,Oral Cavity and Pharynx,10.1,4523,39461588
2018,Colorado,Oral Cavity and Pharynx,10.7,700,5691287
2018,Connecticut,Oral Cavity and Pharynx,13.2,625,3571520
2018,Delaware,Oral Cavity and Pharynx,12.4,160,965479
2018,District of Columbia,Oral Cavity and Pharynx,8.5,60,701547
2018,Florida,Oral Cavity and Pharynx,12.8,3859,21244317
2018,Georgia,Oral Cavity and Pharynx,13.3,1588,10511131
2018,Hawaii,Oral Cavity and Pharynx,13.5,240,1420593
2018,Idaho,Oral Cavity and Pharynx,11,239,1750536
2018,Illinois,Oral Cavity and Pharynx,11.6,1803,12723071
2018,Indiana,Oral Cavity and Pharynx,11.8,972,6695497
2018,Iowa,Oral Cavity and Pharynx,14.2,564,3148618
2018,Kansas,Oral Cavity and Pharynx,11.1,383,2911359
2018,Kentucky,Oral Cavity and Pharynx,13.6,751,4461153
2018,Louisiana,Oral Cavity and Pharynx,13.1,733,4659690
2018,Maine,Oral Cavity and Pharynx,12.8,262,1339057
2018,Maryland,Oral Cavity and Pharynx,11.3,851,6035802
2018,Massachusetts,Oral Cavity and Pharynx,10.9,958,6882635
2018,Michigan,Oral Cavity and Pharynx,12.2,1587,9984072
2018,Minnesota,Oral Cavity and Pharynx,11.6,806,5606249
2018,Mississippi,Oral Cavity and Pharynx,11.4,425,2981020
2018,Missouri,Oral Cavity and Pharynx,12.7,985,6121623
2018,Montana,Oral Cavity and Pharynx,12.4,177,1060665
2018,Nebraska,Oral Cavity and Pharynx,12.9,299,1925614
2018,Nevada,Oral Cavity and Pharynx,Data Suppressed,Data Suppressed
2018,New Hampshire,Oral Cavity and Pharynx,11.8,229,1353465
2018,New Jersey,Oral Cavity and Pharynx,11.4,1303,8886025
2018,New Mexico,Oral Cavity and Pharynx,9.3,249,2092741
2018,New York,Oral Cavity and Pharynx,11.2,2751,19530351
2018,North Carolina,Oral Cavity and Pharynx,12.1,1568,10381615
2018,North Dakota,Oral Cavity and Pharynx,9.9,82,758080
2018,Ohio,Oral Cavity and Pharynx,12.4,1857,11676341
2018,Oklahoma,Oral Cavity and Pharynx,12.8,605,3940235
2018,Oregon,Oral Cavity and Pharynx,11.4,607,4181886
2018,Pennsylvania,Oral Cavity and Pharynx,12.7,2182,12800922
2018,Rhode Island,Oral Cavity and Pharynx,10.4,147,1058287
2018,South Carolina,Oral Cavity and Pharynx,12,813,5084156
2018,South Dakota,Oral Cavity and Pharynx,11.5,123,878698
2018,Tennessee,Oral Cavity and Pharynx,12.8,1085,6771631
2018,Texas,Oral Cavity and Pharynx,11.1,3349,28628666
2018,United States,Oral Cavity and Pharynx,11.7,46667,323660160
2018,Utah,Oral Cavity and Pharynx,9.6,269,3153550
2018,Vermont,Oral Cavity and Pharynx,12.8,108,624358
2018,Virginia,Oral Cavity and Pharynx,11.1,1147,8501286
2018,Washington,Oral Cavity and Pharynx,12.8,1155,7523869
2018,West Virginia,Oral Cavity and Pharynx,14.7,376,1804291
2018,Wisconsin,Oral Cavity and Pharynx,12.6,955,5807406
2018,Wyoming,Oral Cavity and Pharynx,9.2,63,577601
